;q_A [cm^3/s];q_B [cm^3/s];q_d1 [cm^3/s];q_d2 [cm^3/s];q_d3 [cm^3/s];q_d4 [cm^3/s];x1 [cm];x2 [cm];x3 [cm];x4 [cm]
0;452.78;555.56;0.2208;0.0102;-0.0121;-0.2231;65;66;65;66
1;452.78;555.56;0.2495;0.0021;-0.0347;0.1031;65;66;65;66
2;452.78;555.56;-0.0392;-0.155;0.0883;-0.0899;65;66;65;66
3;452.78;555.56;-0.1033;-0.1503;0.2384;-0.2612;65;66;65;66
4;452.78;555.56;-0.1042;0.0896;0.2365;-0.0671;64.88102596;65.78700366;65.27659755;65.73143879
5;452.78;555.56;0.2911;0.0172;0.2516;0.1358;64.78001762;65.81775899;65.53956833;65.66775093
6;452.78;555.56;0.2708;-0.0675;-0.121;-0.1736;65.09150138;65.77144302;65.80651308;65.80952114
7;452.78;555.56;0.0684;0.3377;0.4401;-0.0657;65.37526546;65.64930226;65.68958648;65.63619874
8;452.78;555.56;-0.0862;0.3695;0.1037;-0.0564;65.43470651;65.93379936;66.13869412;65.57773672
9;452.78;555.56;0.0171;0.0015;0.2772;-0.1455;65.35492176;66.22819702;66.23247354;65.53092453
10;452.78;555.56;0.227;-0.0479;0.0272;0.0733;65.38715211;66.13252676;66.49580862;65.39689467
11;452.78;555.56;0.0527;-0.0093;0.1506;-0.0157;65.63841577;65.98861819;66.49808281;65.48705789
12;452.78;555.56;-0.0133;0.091;-0.2967;-0.099;65.70046398;65.89680692;66.62366157;65.48459252
13;452.78;555.56;0.1375;-0.2467;0.0275;0.0824;65.69807664;65.91149817;66.29667344;65.39892634
14;452.78;555.56;0.0758;0.0357;-0.1523;-0.2117;65.83290713;65.58403314;66.3076099;65.49810778
15;452.78;555.56;-0.1223;0.1043;0.0951;-0.2197;65.89845771;65.56546915;66.13828679;65.29919788
16;452.78;555.56;0.0584;0.0511;-0.1942;-0.1564;65.75488302;65.6087752;66.22348334;65.10029571
17;452.78;555.56;-0.0637;0.1803;0.088;0.0324;65.80414871;65.58788116;66.01579643;64.97271315
18;452.78;555.56;0.0059;0.1597;-0.1058;0.2158;65.71963755;65.6924745;66.09904913;65.0390811
19;452.78;555.56;-0.0792;0.1308;0.0062;0.1024;65.71327063;65.77195218;65.98499684;65.28616914
20;452.78;555.56;-0.0765;-0.0841;-0.1169;-0.0087;65.61738127;65.82703125;65.98774678;65.4098919
21;452.78;555.56;-0.1332;0.1106;-0.097;-0.0617;65.53002967;65.66840849;65.86728088;65.4175319
22;452.78;555.56;0.1631;-0.2169;0.1421;-0.0022;65.38611749;65.71569688;65.77179164;65.37186437
23;452.78;555.56;0.101;-0.0597;0.1944;-0.0939;65.54307905;65.43039478;65.91942981;65.38753537
24;452.78;555.56;-0.1601;0.0838;-0.0039;0.1282;65.63478565;65.32256122;66.11314235;65.3108754
25;452.78;555.56;0.1827;-0.116;-0.2517;-0.3285;65.46807468;65.36257373;66.10039695;65.45940278
26;452.78;555.56;0.5046;-0.1831;0.2499;0.0834;65.65358395;65.20600734;65.84038794;65.14525012
27;452.78;555.56;-0.1248;0.0775;0.0007;-0.1911;66.13896095;64.98048484;66.09293267;65.25565396
28;452.78;555.56;-0.0511;-0.1974;-0.14;0.121;65.97666479;65.03559372;66.08563781;65.0871064
29;452.78;555.56;-0.2788;-0.099;0.159;0.1745;65.89741733;64.80519576;65.93795;65.23745606
30;452.78;555.56;0.0001;-0.0148;-0.2599;0.0932;65.5889691;64.69519953;66.09548207;65.43524197
31;452.78;555.56;0.0527;0.0542;0.0376;0.1279;65.58444997;64.68498865;65.82747992;65.54376162
32;452.78;555.56;0.2282;-0.1937;0.1743;0.143;65.62150943;64.74885113;65.86826899;65.68261551
33;452.78;555.56;-0.1021;-0.0262;0.0226;0.1162;65.8335764;64.56596976;66.0440381;65.83098856
34;452.78;555.56;0.1407;0.0841;0.065;-0.1037;65.71010051;64.56922199;66.06070156;65.94660469
35;452.78;555.56;-0.1022;-0.0458;-0.0067;-0.119;65.8374883;64.68718576;66.11906346;65.83768369
36;452.78;555.56;-0.0302;-0.0105;-0.2182;-0.1461;65.71683731;64.66270237;66.10326889;65.71783118
37;452.78;555.56;-0.0026;0.0052;-0.1112;-0.1632;65.67471501;64.67040475;65.87663901;65.57568978
38;452.78;555.56;-0.2682;0.1318;-0.0901;-0.0622;65.65315955;64.68756176;65.76655524;65.42215988
39;452.78;555.56;-0.1278;-0.1335;0.0107;-0.0435;65.36264748;64.82395362;65.68221435;65.37580606
40;452.78;555.56;-0.2442;0.1379;-0.1996;-0.1666;65.22633194;64.68373236;65.70223323;65.35001835
41;452.78;555.56;0.145;-0.2151;-0.0973;0.1294;64.98261884;64.82358505;65.51110697;65.20216909
42;452.78;555.56;0.008;0.09;0.0799;0.009;65.13463703;64.59479316;65.43035482;65.35627753
43;452.78;555.56;0.0435;-0.1603;0.1384;-0.1638;65.13712687;64.69316373;65.53021757;65.3837762
44;452.78;555.56;0.0094;-0.0813;-0.0479;0.1491;65.17919029;64.53552218;65.68435756;65.23736758
45;452.78;555.56;-0.1647;-0.1619;0.2643;-0.2827;65.19114554;64.46191333;65.64568596;65.40975706
46;452.78;555.56;0.0196;0.0302;0.2077;0.1223;65.02665183;64.3197571;65.92084731;65.14340249
47;452.78;555.56;-0.0278;0.2296;0.0503;0.0927;65.0679242;64.36884207;66.12780011;65.29278085
48;452.78;555.56;-0.2011;0.1521;-0.156;-0.1524;65.0680371;64.61993838;66.16863791;65.40653722
49;452.78;555.56;-0.0486;0.0012;0.1704;-0.1459;64.89656134;64.78068892;66.00145759;65.27061226
50;452.78;555.56;0.2227;-0.1103;0.3232;-0.0319;64.88083463;64.77392592;66.16771419;65.14666189
51;452.78;555.56;0.197;-0.0746;0.2117;-0.0701;65.14435002;64.65113401;66.47977273;65.14170878
52;452.78;555.56;-0.0948;0.0914;0.3325;0.2323;65.37947356;64.57235018;66.66721985;65.09875547
53;452.78;555.56;-0.0587;0.0983;0.1677;-0.0808;65.31658445;64.66329639;66.967606;65.35993506
54;452.78;555.56;-0.3553;-0.0734;0.0545;-0.0415;65.30613145;64.76536481;67.09061786;65.29748643
55;452.78;555.56;-0.0886;0.1384;-0.0714;-0.0331;65.00484507;64.68614592;67.09528854;65.27685321
56;452.78;555.56;-0.257;-0.2289;-0.1959;0.0099;64.98850243;64.82338395;66.9738641;65.26545135
57;452.78;555.56;-0.1969;-0.1145;0.2488;0.1358;64.79966535;64.58335681;66.7330143;65.29750896
58;452.78;555.56;0.0681;-0.1374;-0.1005;0.2677;64.672184;64.47565332;66.94694385;65.45417483
59;452.78;555.56;-0.2675;0.0656;0.0016;-0.1509;64.8263178;64.35883101;66.80261973;65.73643254
60;452.78;555.56;0.2138;-0.0314;-0.2013;0.2666;64.62955041;64.46446758;66.76643449;65.58874416
61;452.78;555.56;-0.0519;0.0939;-0.1632;0.0544;64.92439416;64.45983417;66.52886435;65.86448945
62;452.78;555.56;0.1498;0.0792;-0.1599;0.123;64.92586628;64.59189565;66.33935164;65.91696151
63;452.78;555.56;0.1088;-0.0402;-0.0447;-0.0833;65.12099413;64.70219829;66.16109487;66.03592906
64;452.78;555.56;-0.1393;0.1616;-0.0956;-0.3559;65.25592717;64.69022291;66.10553186;65.94382822
65;452.78;555.56;-0.102;-0.2057;0.1096;-0.0665;65.1323412;64.87718623;66.00140674;65.58281853
66;452.78;555.56;-0.1669;-0.0575;-0.119;-0.0399;65.04907261;64.66940936;66.10686548;65.52570204
67;452.78;555.56;0.0019;0.0954;-0.0521;0.2047;64.91033469;64.62192528;65.97928423;65.49748221
68;452.78;555.56;-0.0789;-0.0777;-0.222;-0.0308;64.94334731;64.72949784;65.92397481;65.71499748
69;452.78;555.56;-0.1019;-0.1716;0.0853;0.0744;64.8912484;64.66525777;65.7010958;65.68826988
70;452.78;555.56;0.219;0.0284;0.0485;-0.1079;64.80987544;64.51049571;65.79491756;65.7678158
71;452.78;555.56;0.205;0.1478;-0.1533;-0.1452;65.05824782;64.5696613;65.84798009;65.66186738
72;452.78;555.56;0.2562;-0.0247;0.0814;-0.0121;65.27995402;64.73986701;65.69700466;65.52287397
73;452.78;555.56;0.0359;-0.2118;0.1703;-0.1496;65.53321037;64.72018711;65.78709913;65.52256789
74;452.78;555.56;-0.069;0.1109;0.2657;-0.0206;65.55482661;64.51475826;65.96229148;65.38477412
75;452.78;555.56;0.1737;-0.0199;0.1418;-0.029;65.47763768;64.64072844;66.22549793;65.38152532
76;452.78;555.56;0.0381;0.0179;-0.1702;0.0555;65.65883809;64.62703062;66.35372631;65.37000733
77;452.78;555.56;0.0306;0.1338;0.1384;-0.0392;65.69900689;64.65161869;66.16456567;65.44345311
78;452.78;555.56;0.266;0.0234;-0.1374;-0.0282;65.72132736;64.79335876;66.29195666;65.41924229
79;452.78;555.56;0.1483;-0.0053;0.1754;-0.0666;65.98307268;64.81390443;66.13819135;65.40700591
80;452.78;555.56;-0.1217;-0.1684;-0.3011;0.1923;66.10505538;64.80383499;66.30369192;65.35686209
81;452.78;555.56;-0.2285;-0.064;-0.1371;0.2416;65.95673906;64.62934376;65.98573344;65.56763721
82;452.78;555.56;-0.0451;0.0511;0.004;-0.0952;65.69707118;64.57982338;65.84515235;65.81923107
83;452.78;555.56;-0.0586;-0.1926;0.1706;0.0914;65.6303543;64.6589429;65.85159616;65.723919
84;452.78;555.56;0.0702;-0.2571;0.2138;0.0181;65.55439033;64.48505035;66.02436825;65.81903311
85;452.78;555.56;0.227;0.2178;0.2187;-0.1111;65.61904219;64.26253761;66.23305997;65.83702899
86;452.78;555.56;0.0637;0.17;-0.0526;0.1997;65.84541511;64.53110472;66.4378704;65.72510275
87;452.78;555.56;0.0184;0.0058;-0.0521;0.1132;65.90359129;64.72872526;66.36277629;65.92846933
88;452.78;555.56;-0.2081;-0.2484;0.1258;0.0284;65.90984816;64.75660502;66.29133551;66.03717543
89;452.78;555.56;-0.0701;0.0747;0.2149;0.0828;65.68623078;64.5327104;66.4007963;66.05672466
90;452.78;555.56;0.191;0.2997;0.0324;-0.0381;65.61854198;64.64822002;66.59475877;66.12989074
91;452.78;555.56;0.0183;-0.08;-0.0054;-0.089;65.82413155;64.98364879;66.59808241;66.07922683
92;452.78;555.56;-0.1826;-0.1651;-0.2083;0.1741;65.84489774;64.91412656;66.56346669;65.97969162
93;452.78;555.56;0.0605;0.2405;-0.2575;-0.019;65.66207476;64.76032464;66.32740257;66.14724432
94;452.78;555.56;-0.221;0.0401;-0.0071;0.211;65.72334454;65.02948023;66.05204781;66.1149857
95;452.78;555.56;-0.1211;0.191;-0.3057;0.4343;65.487878;65.07832163;66.03867403;66.31401854
96;452.78;555.56;-0.1549;-0.1001;-0.0245;0.0153;65.36580556;65.28265101;65.72726335;66.72838822
97;452.78;555.56;0.1279;-0.0248;-0.204;-0.1126;65.2041028;65.19831432;65.71018056;66.70721753
98;452.78;555.56;-0.1193;0.177;-0.1118;0.2086;65.33415621;65.19425354;65.51431883;66.55899067
99;452.78;555.56;0.1398;0.0479;-0.0418;-0.0134;65.20095174;65.38636129;65.41893089;66.73787559
100;452.78;555.56;0.2552;-0.1173;-0.0107;0.0248;65.33078609;65.44325123;65.39757692;66.68762679
101;452.78;555.56;0.0172;-0.0866;0.0745;-0.1545;65.56734581;65.32901777;65.4082264;66.67758089
102;452.78;555.56;-0.0421;-0.0687;-0.173;0.0778;65.55221679;65.25295779;65.5036253;66.48863551
103;452.78;555.56;-0.174;0.09;0.044;0.1991;65.48272602;65.19250577;65.34748945;66.53952874
104;452.78;555.56;0.3012;0.3737;0.2459;-0.0799;65.27888154;65.29695747;65.41495866;66.70969035
105;452.78;555.56;-0.0011;-0.0458;0.3178;-0.0452;65.56528246;65.68468867;65.68147274;66.59406492
106;452.78;555.56;0.0892;-0.1174;0.0749;-0.02;65.54352536;65.62160438;66.00862293;66.51775036
107;452.78;555.56;0.013;-0.0815;0.1449;0.1493;65.62716304;65.48821413;66.07907774;66.46968126
108;452.78;555.56;-0.0465;0.0697;-0.0771;-0.1303;65.63257333;65.39798734;66.21656606;66.59283132
109;452.78;555.56;0.0581;-0.1748;0.21;0.0064;65.58394505;65.47009249;66.12627001;66.43146598
110;452.78;555.56;-0.1968;-0.2363;0.2249;-0.2231;65.63902156;65.28628767;66.32687219;66.41324228
111;452.78;555.56;0.2802;-0.0322;0.1935;-0.0419;65.44434485;65.05292515;66.53393972;66.16624656
112;452.78;555.56;-0.0876;0.04;0.1084;0.2832;65.746989;65.02989829;66.7009141;66.11032735
113;452.78;555.56;-0.0095;0.1616;0.2867;0.1188;65.67076423;65.07842427;66.77578838;66.38174671
114;452.78;555.56;0.0006;0.0502;0.1331;0.1257;65.68032258;65.25605358;67.02582655;66.47790936
115;452.78;555.56;-0.035;0.1889;-0.0543;-0.1386;65.70987077;65.31385968;67.11180454;66.57713087
116;452.78;555.56;0.1972;0.0929;0.2729;0.186;65.70564847;65.51033859;67.00679021;66.40809194
117;452.78;555.56;-0.2798;0.0305;0.1613;-0.0923;65.92949005;65.59052813;67.23336389;66.57040198
118;452.78;555.56;0.0584;-0.009;-0.1416;0.273;65.67245303;65.60927767;67.33887451;66.44793154
119;452.78;555.56;0.219;0.038;-0.3665;0.1867;65.77333945;65.58234785;67.13708383;66.69565019
120;452.78;555.56;-0.054;0.0416;0.0512;-0.069;66.02038782;65.61415572;66.71881372;66.84718443
121;452.78;555.56;-0.0679;-0.1505;-0.3138;0.0183;65.9622257;65.65341208;66.73573812;66.73698124
122;452.78;555.56;0.2064;-0.2111;-0.032;0.0823;65.8943346;65.4934776;66.38695358;66.71846809
123;452.78;555.56;-0.0219;0.0191;0.0235;-0.134;66.09015829;65.28321366;66.33459736;66.76469278
124;452.78;555.56;-0.2242;-0.1817;-0.0614;0.0287;66.04382657;65.31948488;66.33994032;66.59277537
125;452.78;555.56;0.2624;-0.3673;0.2079;0.129;65.79817561;65.14560003;66.26015881;66.59041227
126;452.78;555.56;0.2174;-0.072;0.0494;-0.0275;66.05040202;64.79802073;66.45302999;66.68844344
127;452.78;555.56;-0.151;0.1723;0.1631;-0.3858;66.25070878;64.77368566;66.47929953;66.62606498
128;452.78;555.56;0.1888;0.0652;-0.0901;0.1928;66.07180928;64.99284833;66.61816651;66.20787394
129;452.78;555.56;0.0794;0.1383;0.1637;0.068;66.24916976;65.07303988;66.49800874;66.3849889
130;452.78;555.56;-0.0771;-0.0249;0.2768;0.1448;66.3015468;65.22787077;66.63669061;66.430222
131;452.78;555.56;-0.3568;0.3565;0.0998;0.0933;66.20012898;65.21061713;66.88265631;66.550448
132;452.78;555.56;0.0536;-0.1676;0.0314;0.14;65.83533685;65.58075446;66.94132133;66.61437383
133;452.78;555.56;0.227;-0.1479;-0.0121;0.213;65.90510848;65.40383095;66.92913236;66.72244911
134;452.78;555.56;-0.088;-0.1596;-0.1984;-0.2777;66.14361339;65.26310199;66.87395317;66.89921513
135;452.78;555.56;-0.1037;0.0657;0.0347;0.0283;66.05061658;65.1274179;66.63478234;66.57824051
136;452.78;555.56;-0.045;-0.028;0.0974;0.0582;65.93743442;65.21360864;66.63872803;66.57605731
137;452.78;555.56;-0.052;0.024;-0.1842;-0.3488;65.88985463;65.20006141;66.70520833;66.60386122
138;452.78;555.56;0.0885;-0.0274;-0.0883;-0.0045;65.8408946;65.24055853;66.48730271;66.22355585
139;452.78;555.56;0.2639;-0.0054;0.1939;0.0319;65.92621493;65.21166777;66.37443383;66.2027434
140;452.78;555.56;-0.1206;-0.0798;0.1415;0.04;66.17711399;65.20593817;66.54850341;66.21916364
141;452.78;555.56;0.0787;-0.0681;-0.0092;-0.1985;66.03589132;65.12686102;66.66286689;66.24302691
142;452.78;555.56;0.1822;-0.1005;0.3412;0.1637;66.10716245;65.06589839;66.62173546;66.02743554
143;452.78;555.56;-0.0111;-0.4395;-0.0836;0.0093;66.27596973;64.96811639;66.93272807;66.18267499
144;452.78;555.56;0.157;0.024;-0.2384;-0.0275;66.25446623;64.54430966;66.80589849;66.17729829
145;452.78;555.56;0.0219;0.1291;0.0209;0.0683;66.397033;64.61314215;66.52957598;66.13533676
146;452.78;555.56;0.1195;-0.0977;0.1661;-0.0074;66.38445502;64.78062092;66.52413343;66.19085481
147;452.78;555.56;-0.0651;-0.0835;0.0521;0.0305;66.46999515;64.7119163;66.66411919;66.16845077
148;452.78;555.56;-0.1284;0.0518;0.0721;-0.0321;66.37172996;64.66127416;66.68423528;66.18484334
149;452.78;555.56;0.1969;-0.1519;0.1028;0.0615;66.21683798;64.7500976;66.7235084;66.13797986
150;452.78;555.56;0.1814;-0.2384;0.1508;0.1876;66.39809018;64.6271907;66.79183614;66.18659211
151;452.78;555.56;-0.0391;0.3099;0.0467;0.0944;66.55594067;64.42824691;66.90530237;66.35935865
152;452.78;555.56;0.0725;-0.0061;0.3056;0.3368;66.4886782;64.79831625;66.90991997;66.43201598
153;452.78;555.56;-0.2609;-0.0823;-0.1667;0.1365;66.53719666;64.82962793;67.1732444;66.74417032
154;452.78;555.56;-0.0678;0.2412;-0.0613;-0.0847;66.26044284;64.7950258;66.95326441;66.84357067
155;452.78;555.56;-0.0741;-0.2129;0.1794;0.1291;66.18402049;65.09027894;66.84787598;66.71781138
156;452.78;555.56;0.4104;0.0078;0.1838;0.0445;66.10143036;64.90600102;66.9875964;66.81086225
157;452.78;555.56;-0.0292;-0.1389;0.187;0.0167;66.5140951;64.9588706;67.12587246;66.81560558
158;452.78;555.56;0.0913;0.3263;-0.2933;0.1082;66.46843276;64.86157213;67.26157057;66.79235999
159;452.78;555.56;0.2238;-0.1842;0.0047;0.2563;66.55164266;65.23527898;66.91130423;66.86154032
160;452.78;555.56;0.0142;-0.0115;0.0968;0.1122;66.74778602;65.0754149;66.87367076;67.07606552
161;452.78;555.56;0.0137;-0.1671;0.1171;0.0919;66.72113737;65.10782412;66.92971175;67.13795619
162;452.78;555.56;0.0327;0.2722;0.0913;-0.0808;66.69791053;64.98485403;67.00370833;67.17708719
163;452.78;555.56;0.1259;-0.0803;0.2103;0.0287;66.69815286;65.31123683;67.04881083;67.04196362
164;452.78;555.56;0.0587;-0.0237;0.0874;-0.111;66.79346591;65.25721127;67.21102827;67.02171007
165;452.78;555.56;-0.0584;0.1778;0.1449;-0.28;66.82271232;65.26270716;67.24357105;66.86256189
166;452.78;555.56;-0.1344;0.0865;0.1088;-0.039;66.73448661;65.46299117;67.33225574;66.54074641
167;452.78;555.56;-0.1608;0.0579;0.1613;0.1733;66.57918082;65.54533883;67.38114105;66.47275943
168;452.78;555.56;-0.0519;-0.0813;0.0362;0.1459;66.40871143;65.59070133;67.48048822;66.61978657
169;452.78;555.56;-0.0763;0.0164;-0.1342;-0.0842;66.36139048;65.49960914;67.45059563;66.73354595
170;452.78;555.56;-0.2325;-0.1402;-0.0947;-0.0497;66.29123263;65.51702386;67.25154833;66.6126697
171;452.78;555.56;0.0837;-0.0218;0.0117;-0.0419;66.06074122;65.3718198;67.10030015;66.53111296
172;452.78;555.56;0.0268;0.0526;-0.2707;-0.0353;66.15383616;65.35176582;67.06176637;66.46061048
173;452.78;555.56;-0.0199;-0.103;-0.1455;0.1674;66.18288467;65.40467962;66.74244245;66.39952277
174;452.78;555.56;0.1634;-0.1287;0.0748;0.3299;66.15014782;65.2959058;66.5616771;66.54357516
175;452.78;555.56;0.1467;-0.0089;-0.113;0.0006;66.29508075;65.17468398;66.60878803;66.84437528
176;452.78;555.56;0.0946;0.2837;-0.0473;-0.0051;66.41667721;65.19361898;66.46612345;66.80388395
177;452.78;555.56;0.0137;-0.2493;0.0905;-0.3351;66.47297105;65.50223417;66.39514341;66.75930524
178;452.78;555.56;0.0132;-0.0198;0.0641;0.1824;66.4420456;65.25479459;66.46494326;66.3865025
179;452.78;555.56;0.0452;0.124;0.3739;0.2683;66.41538486;65.23903644;66.50541276;66.54607512
180;452.78;555.56;0.3859;-0.2365;0.1912;0.18;66.42400415;65.37453791;66.85398396;66.78517547
181;452.78;555.56;-0.0581;-0.2827;0.0516;0.0743;66.78741843;65.14972752;67.00524877;66.92644201
182;452.78;555.56;0.0498;0.0033;-0.0518;0.1886;66.69162732;64.89985262;67.01058688;66.95638376
183;452.78;555.56;-0.0004;-0.0769;-0.0741;-0.0438;66.70962921;64.95444058;66.91230185;67.09943408
184;452.78;555.56;0.037;0.111;-0.0902;0.0013;66.67225544;64.93074107;66.79582665;67.00439591
185;452.78;555.56;0.1732;-0.0599;-0.1361;0.2077;66.66962027;65.09280212;66.6681258;66.95823632
186;452.78;555.56;0.0474;0.2958;-0.1337;0.0435;66.79799212;65.07092414;66.49987399;67.12031293
187;452.78;555.56;0.043;0.1695;-0.2158;-0.1817;66.78590991;65.41270225;66.34107759;67.111745
188;452.78;555.56;-0.118;0.0895;-0.0259;0.0839;66.76347545;65.60425537;66.10684831;66.87831755
189;452.78;555.56;-0.117;0.052;0.2166;-0.1271;66.57151977;65.69333255;66.07236779;66.9197748
190;452.78;555.56;0.0372;0.0963;-0.0658;0.0873;66.39048078;65.74043219;66.28183856;66.74858188
191;452.78;555.56;0.0462;0.0454;-0.0325;0.1053;66.38318915;65.821776;66.20009849;66.79860644
192;452.78;555.56;0.1663;0.0434;-0.0448;0.018;66.38189372;65.84862276;66.15509494;66.86463795
193;452.78;555.56;-0.212;0.0769;-0.3545;-0.0043;66.49888223;65.87425496;66.09968434;66.84073981
194;452.78;555.56;0.1032;0.1058;-0.056;-0.2259;66.22829904;65.93067518;65.73690532;66.79549325
195;452.78;555.56;0.1106;-0.0513;-0.1549;0.3753;66.27368767;66.01031958;65.68791561;66.53044877
196;452.78;555.56;-0.1681;-0.1494;-0.0698;0.0817;66.32171196;65.91683004;65.54209379;66.87717279
197;452.78;555.56;0.0083;-0.2235;0.082;0.0167;66.08202441;65.74547757;65.4875318;66.91647561
198;452.78;555.56;0.3853;-0.0224;0.32;0.0292;66.03067487;65.51336072;65.58707639;66.889214
199;452.78;555.56;-0.0538;0.0347;0.1013;0.114;66.36358785;65.4972287;65.92041351;66.87553747
200;622.22;654.82;-0.2561;0.1192;-0.0369;-0.0341;66.2516812;65.53876319;66.02098459;66.9472054
201;622.22;654.82;0.0127;-0.0322;0.0749;0.2334;66.7955567;66.32652336;66.9717188;68.84472091
202;622.22;654.82;-0.2632;-0.0211;0.1342;-0.251;67.61588228;66.98378326;67.9943587;70.93476241
203;622.22;654.82;-0.0095;-0.3385;-0.2794;0.0605;68.15451807;67.68866694;69.03370184;72.45900901
204;622.22;654.82;0.0172;0.117;-0.1642;-0.0402;68.95820768;68.08687901;69.61647943;74.2361488
205;622.22;654.82;0.0592;0.1387;0.2599;-0.1499;69.76561137;68.98121064;70.29050697;75.8450311
206;622.22;654.82;0.1472;0.2231;-0.0754;0.0936;70.59571221;69.89749602;71.36105909;77.28374629
207;622.22;654.82;0.0632;0.0812;-0.2242;0.1511;71.50942638;70.8904241;72.05278375;78.91243077
208;622.22;654.82;0.0433;0.086;-0.1868;-0.0585;72.31467603;71.73549069;72.56775712;80.5386141
209;622.22;654.82;-0.019;0.0226;-0.0879;-0.0727;73.07483105;72.5888748;73.09940841;81.89590308
210;622.22;654.82;-0.1332;0.0823;-0.2576;-0.081;73.7508909;73.37189855;73.70864349;83.18995903
211;622.22;654.82;0.1327;0.0375;0.1251;0.0805;74.29892856;74.20990606;74.1238468;84.42934325
212;622.22;654.82;-0.0383;0.02;-0.2447;-0.1188;75.09859036;74.99281495;74.90522518;85.78615182
213;622.22;654.82;-0.1426;0.0442;0.36;-0.0317;75.7134862;75.7555836;75.28583007;86.89577816
214;622.22;654.82;0.2636;0.1977;0.2702;0.0619;76.20487013;76.53246079;76.25610645;88.05362619
215;622.22;654.82;-0.02;-0.1764;-0.0125;-0.0204;77.11333242;77.45351933;77.09844164;89.26477009
216;622.22;654.82;-0.185;0.0291;0.0236;0.0073;77.72093768;77.98384751;77.62516127;90.35173722
217;622.22;654.82;0.1375;-0.1338;0.0076;0.0423;78.15064195;78.7234881;78.16748982;91.42906238
218;622.22;654.82;-0.0209;0.1208;0.2354;0.1464;78.90033557;79.29044506;78.67279257;92.50459783
219;622.22;654.82;-0.0687;-0.1545;-0.0314;0.0326;79.47024494;80.11296311;79.38637052;93.64772024
220;622.22;654.82;0.2461;0.0094;-0.0738;-0.0977;79.98885156;80.64740463;79.80568246;94.63846708
221;622.22;654.82;0.1779;0.2068;-0.1312;0.1914;80.81025556;81.34576415;80.1665124;95.46567042
222;622.22;654.82;0.0678;0.1789;-0.0007;-0.1068;81.53296813;82.225896;80.45613712;96.55435085
223;622.22;654.82;0.0964;-0.0352;-0.0565;-0.1855;82.11785058;83.06005606;80.86520336;97.3086586
224;622.22;654.82;-0.0683;0.1044;-0.0044;-0.1733;82.71565272;83.65391561;81.20288444;97.95932306
225;622.22;654.82;-0.0688;0.3838;0.1112;0.1553;83.12974938;84.37255942;81.57982978;98.60074903
226;622.22;654.82;0.2077;-0.0248;-0.0708;-0.0489;83.53565381;85.34796727;82.05807836;99.5497105
227;622.22;654.82;0.1556;-0.0399;0.0499;0.1727;84.21464891;85.88679633;82.33623541;100.2634332
228;622.22;654.82;0.2178;0.1307;-0.071;-0.0715;84.81619198;86.40131501;82.72459439;101.1755088
229;622.22;654.82;0.0109;-0.1097;0.07;0.0323;85.46292253;87.08512317;82.97742571;101.8137966
230;622.22;654.82;0.2004;0.1223;-0.0689;-0.0017;85.87836552;87.50823562;83.36175252;102.5352576
231;622.22;654.82;0.0765;-0.0662;-0.0449;0.092;86.47602479;88.16134425;83.59275927;103.1994816
232;622.22;654.82;0.2004;-0.003;-0.2457;0.128;86.92730417;88.60843247;83.83911459;103.9360843
233;622.22;654.82;-0.0744;-0.2166;-0.1666;0.0325;87.48826129;89.11577886;83.8754568;104.6851226
234;622.22;654.82;0.0577;-0.0596;-0.2736;0.1635;87.74672999;89.40340415;83.98954104;105.314784
235;622.22;654.82;-0.1598;-0.0466;-0.1371;-0.0919;88.12820748;89.8510664;83.99236431;106.0554398
236;622.22;654.82;-0.0037;0.0446;-0.1175;-0.0509;88.27261959;90.30882848;84.13158217;106.51724
237;622.22;654.82;-0.2605;-0.0897;0.1007;-0.093;88.57089194;90.84549115;84.28520434;107.0054571
238;622.22;654.82;0.1653;-0.1255;-0.0261;0.0386;88.6027544;91.23180738;84.65129824;107.4361911
239;622.22;654.82;-0.0755;0.157;-0.0994;0.1548;89.07240986;91.57329926;84.87696219;107.9849823
240;622.22;654.82;-0.174;-0.0364;-0.127;-0.0353;89.28555761;92.19459759;85.02093918;108.6327582
241;622.22;654.82;-0.0111;-0.052;0.3041;0.0191;89.3946364;92.60663363;85.131971;109.0701699
242;622.22;654.82;0.058;-0.1748;-0.104;0.0429;89.6651539;92.99282748;85.66998383;109.5483322
243;622.22;654.82;0.145;0.0254;0.0853;-0.0857;90.01086778;93.24876611;85.77997573;110.035405
244;622.22;654.82;-0.3056;0.0616;0.0353;-0.0211;90.43000954;93.70525562;86.07520267;110.378744
245;622.22;654.82;0.2701;-0.0118;0.2043;-0.1341;90.38811134;94.18227659;86.30953184;110.7760353
246;622.22;654.82;-0.1358;-0.1011;-0.4128;-0.0211;90.93268041;94.5707663;86.70422447;111.0480264
247;622.22;654.82;-0.0118;0.0424;-0.201;-0.0532;91.05821433;94.85607508;86.46729658;111.4246093
248;622.22;654.82;-0.1762;0.1772;0.2752;-0.0501;91.29267236;95.28016827;86.45088116;111.7574678
249;622.22;654.82;0.4345;-0.1318;-0.1022;0.0021;91.35025316;95.82507673;86.91126981;112.0831677
250;622.22;654.82;-0.0297;0.044;0.1542;0.0017;92.03254076;96.03993779;86.97733806;112.4510446
251;622.22;654.82;-0.1648;-0.3783;-0.1025;0.1334;92.21859855;96.42967534;87.29738182;112.807218
252;622.22;654.82;-0.1399;0.1957;0.1575;0.194;92.27191449;96.38589542;87.34899404;113.2841651
253;622.22;654.82;-0.1848;0.1188;0.2253;-0.1004;92.34933605;96.93320501;87.65871636;113.807108
254;622.22;654.82;0.1185;-0.0992;-0.2804;0.3231;92.3892905;97.38856381;88.02490928;114.0196734
255;622.22;654.82;0.1134;-0.0409;-0.2513;-0.1219;92.74390401;97.606658;87.87203294;114.6492548
256;622.22;654.82;-0.1437;0.308;0.0607;-0.0241;93.07001711;97.88991028;87.75383454;114.8146672
257;622.22;654.82;-0.3319;0.0583;-0.087;-0.0173;93.1183542;98.51112167;87.95195213;115.072852
258;622.22;654.82;-0.0202;-0.2339;0.2457;0.2443;92.98330139;98.85553279;87.99513714;115.3299966
259;622.22;654.82;-0.066;0.0299;-0.0296;-0.0987;93.16829395;98.89621958;88.3694467;115.8409413
260;622.22;654.82;0.1221;-0.0844;0.1717;-0.2446;93.31185365;99.21389822;88.45481708;115.9934136
261;622.22;654.82;-0.0767;0.1855;0.0634;-0.3241;93.63943101;99.40409663;88.73838075;115.9953754
262;622.22;654.82;-0.0093;0.0475;0.1069;-0.0205;93.76213334;99.8536164;88.90333605;115.9177778
263;622.22;654.82;0.0031;-0.3342;-0.134;-0.0743;93.95209526;100.1376885;89.10580232;116.1461263
264;622.22;654.82;-0.0949;-0.0232;0.0178;-0.0308;94.15231913;100.0311284;89.06002523;116.3137732
265;622.22;654.82;0.1605;0.1755;-0.1543;-0.1165;94.24290019;100.2465678;89.16770772;116.5198576
266;622.22;654.82;0.1214;-0.0419;-0.0288;-0.072;94.58827154;100.6549258;89.09938702;116.6340236
267;622.22;654.82;0.0306;0.0222;0.2207;-0.0027;94.87487955;100.8266167;89.15904248;116.7892472
268;622.22;654.82;-0.0204;-0.1533;-0.0367;0.0858;95.05861069;101.057551;89.46603578;117.009093
269;622.22;654.82;0.1217;0.0083;-0.0434;-0.136;95.19334045;101.1067937;89.50451379;117.3108189
270;622.22;654.82;-0.0177;0.0158;0.1525;-0.1544;95.46488238;101.3239818;89.53489998;117.3816696
271;622.22;654.82;0.0496;0.064;0.1104;0.1974;95.58467504;101.5387667;89.76008724;117.4319909
272;622.22;654.82;0.2216;0.1327;0.2181;-0.0113;95.77397912;101.7913768;89.93503641;117.8326003
273;622.22;654.82;-0.0091;0.0763;0.1885;0.0439;96.13224051;102.1107481;90.2113701;118.0124843
274;622.22;654.82;-0.1497;-0.1893;-0.0136;-0.0188;96.25207956;102.3614828;90.44814092;118.2421754
275;622.22;654.82;-0.0531;-0.1128;-0.3256;-0.2706;96.23393458;102.3396761;90.4742874;118.4022862
276;622.22;654.82;-0.0101;0.1008;0.0402;0.0034;96.31422461;102.400363;90.18749323;118.3058049
277;622.22;654.82;-0.2683;-0.0039;0.1311;0.1049;96.42323257;102.6684194;90.2768243;118.4862109
278;622.22;654.82;-0.2117;0.0445;-0.161;-0.1497;96.27188897;102.8224188;90.45383749;118.7627191
279;622.22;654.82;-0.1121;-0.0638;0.0673;0.0525;96.19097264;103.0246154;90.33237901;118.776362
280;622.22;654.82;0.0232;0.2173;0.3043;-0.1381;96.2092736;103.1078109;90.44359182;118.9917973
281;622.22;654.82;-0.1371;0.0845;0.0089;0.2086;96.36597497;103.4739714;90.78780197;119.0101999
282;622.22;654.82;0.112;-0.1569;0.1846;-0.0395;96.36702724;103.6878002;90.82423926;119.3747533
283;622.22;654.82;0.0738;0.0295;-0.0543;0.0235;96.61843607;103.6593897;91.03506817;119.4803357
284;622.22;654.82;-0.1927;-0.3389;0.0811;-0.0573;96.8268344;103.8220798;90.99943179;119.6457726
285;622.22;654.82;-0.1281;0.0485;0.0348;0.2384;96.75720822;103.6123927;91.10047355;119.7254838
286;622.22;654.82;-0.0259;-0.4946;-0.0099;0.2954;96.75922748;103.8039537;91.15159197;120.0985228
287;622.22;654.82;0.0519;-0.0868;-0.1428;0.1;96.86517981;103.4530211;91.15617806;120.5174712
288;622.22;654.82;0.031;0.1232;0.0851;0.1535;97.04388953;103.541538;91.02769978;120.7285844
289;622.22;654.82;0.0741;-0.0596;0.0272;-0.1642;97.18831696;103.8414634;91.13172765;120.9869396
290;622.22;654.82;0.1616;-0.0619;-0.2775;0.1762;97.37248751;103.949823;91.17412572;120.9199438
291;622.22;654.82;0.0006;-0.1709;-0.0593;-0.0573;97.63664843;104.0479741;90.91030425;121.1953313
292;622.22;654.82;0.1839;0.1179;-0.0306;0.0796;97.71741248;104.0399093;90.87414378;121.2290701
293;622.22;654.82;0.0169;0.0791;0.3567;-0.2482;97.97622721;104.3220829;90.86798114;121.3987113
294;622.22;654.82;-0.2131;-0.0116;-0.0274;0.0228;98.05516884;104.555062;91.24933971;121.2355381
295;622.22;654.82;-0.0576;0.0107;-0.0173;-0.2904;97.91392962;104.6798114;91.23292347;121.348188
296;622.22;654.82;-0.0178;-0.0439;-0.2919;0.0796;97.93450181;104.8233929;91.22719531;121.1443078
297;622.22;654.82;-0.0014;-0.0699;-0.1396;0.0048;97.99366355;104.898527;90.94707235;121.3164557
298;622.22;654.82;-0.3557;-0.0182;-0.484;-0.1283;98.05629184;104.9486618;90.8292925;121.4087134
299;622.22;654.82;-0.0909;-0.0189;-0.0908;-0.1669;97.75733408;105.0504951;90.37133997;121.3651447
300;622.22;654.82;-0.0076;-0.4586;-0.3894;-0.1586;97.72132326;105.1448017;90.32305025;121.2842634
301;622.22;654.82;-0.0284;-0.0647;0.2258;0.0097;97.76863539;104.7918904;89.97789892;121.2140727
302;622.22;654.82;-0.1103;0.0665;-0.0165;-0.423;97.78039484;104.850003;90.26038625;121.3142573
303;622.22;654.82;-0.1427;0.095;0.186;0.0294;97.71986136;105.0391138;90.29039145;120.97878
304;622.22;654.82;0.3067;0.0698;0.2179;0.124;97.63096904;105.2365124;90.52181606;121.1056258
305;622.22;654.82;-0.1115;-0.1667;-0.0571;-0.1072;98.00415429;105.4017343;90.77681233;121.3233179
306;622.22;654.82;-0.0878;-0.1628;-0.386;0.0693;97.95005834;105.32792;90.74764429;121.3033728
307;622.22;654.82;-0.0131;0.0655;0.064;-0.0022;97.92125744;105.2614243;90.39062387;121.4605173
308;622.22;654.82;0.0123;-0.0029;-0.0631;0.1447;97.95572717;105.4314841;90.49644008;121.541518
309;622.22;654.82;0.1081;-0.128;-0.0373;-0.2467;98.01771993;105.5263014;90.47134904;121.7670264
310;622.22;654.82;0.1971;0.0135;0.1765;0.2303;98.17158182;105.4975292;90.47296057;121.5944785
311;622.22;654.82;0.0414;0.0311;-0.0619;0.1582;98.40698983;105.6067257;90.68831413;121.904023
312;622.22;654.82;0.2971;-0.1372;0.2143;0.0088;98.48295861;105.7367314;90.65752516;122.1323344
313;622.22;654.82;-0.0089;0.0089;-0.0024;-0.0408;98.80981866;105.6981171;90.90404258;122.2045166
314;622.22;654.82;-0.1057;0.1936;-0.3398;-0.0584;98.82361855;105.8098222;90.92500683;122.2249728
315;622.22;654.82;0.2393;-0.0854;-0.069;0.0407;98.7406995;106.1007753;90.60781874;122.2272265
316;622.22;654.82;0.0064;0.17;0.138;-0.0936;98.99542256;106.0970402;90.57282272;122.3285139
317;622.22;654.82;0.0402;0.1107;0.0697;-0.088;99.00360009;106.3518893;90.74608483;122.2925192
318;622.22;654.82;-0.0817;0.2165;-0.0677;-0.0807;99.05140673;106.5325966;90.84482042;122.2631841
319;622.22;654.82;0.0254;0.0252;0.0102;-0.0462;98.97853596;106.8084777;90.80261041;122.2420127
320;622.22;654.82;0.1562;-0.0451;0.2646;-0.0514;99.0147908;106.8775472;90.83981593;122.2559647
321;622.22;654.82;0.2143;-0.2034;0.0292;0.0942;99.18141955;106.873003;91.13008559;122.2643058
322;622.22;654.82;-0.3217;-0.053;-0.0737;0.0453;99.40846715;106.7106494;91.17454251;122.4180014
323;622.22;654.82;0.0114;0.0705;0.1728;0.2256;99.09009033;106.7119764;91.11450611;122.518273
324;622.22;654.82;0.0348;0.0568;-0.0171;-0.0592;99.11811489;106.8396816;91.30312148;122.7958948
325;622.22;654.82;-0.2493;-0.0707;0.3123;0.0864;99.17493604;106.9549595;91.29507903;122.7805556
326;622.22;654.82;-0.0737;0.0348;-0.017;-0.128;98.9446098;106.9360722;91.61672459;122.911267
327;622.22;654.82;-0.1493;-0.0699;-0.2613;-0.0934;98.91258221;107.0275423;91.59756162;122.823739
328;622.22;654.82;0.2488;-0.048;-0.3394;0.0908;98.80582658;107.0068125;91.33478374;122.7733818
329;622.22;654.82;-0.0187;0.0039;0.3341;0.0641;99.0929611;107.0076201;91.00330756;122.908704
330;622.22;654.82;-0.1649;0.3089;-0.0788;0.2248;99.08675884;107.0642592;91.3572103;123.0133513
331;622.22;654.82;0.0861;-0.1632;-0.1151;-0.1544;98.9473397;107.4259194;91.28553122;123.2756261
332;622.22;654.82;0.1378;0.0196;0.1579;-0.2479;99.06312894;107.303709;91.18011871;123.1510063
333;622.22;654.82;-0.0243;-0.0259;0.0896;-0.1453;99.22121487;107.3672174;91.35148249;122.9365416
334;622.22;654.82;-0.1232;-0.1863;-0.2821;-0.1155;99.2156614;107.3755146;91.44840846;122.8309715
335;622.22;654.82;-0.2191;-0.0339;-0.204;0.1413;99.1149466;107.2198651;91.17016534;122.7583018
336;622.22;654.82;0.025;0.0511;0.0036;-0.1924;98.91325873;107.2228557;90.9799858;122.9445671
337;622.22;654.82;0.0459;0.0762;-0.1261;-0.0124;98.95865301;107.3161566;91.00422512;122.7916613
338;622.22;654.82;0.0751;0.0662;-0.2111;-0.4197;99.02360998;107.4250454;90.89789495;122.8232464
339;622.22;654.82;0.2119;-0.2505;0.0195;-0.0315;99.11079494;107.519005;90.71037983;122.4466037
340;622.22;654.82;-0.2663;0.2001;-0.3261;-0.1389;99.32381094;107.28014;90.76019806;122.4692338
341;622.22;654.82;-0.0501;0.1402;-0.0025;0.1286;99.05007561;107.5053877;90.46262673;122.3837981
342;622.22;654.82;0.0681;-0.2553;0.0619;-0.0591;98.9951342;107.6561066;90.49935205;122.5683762
343;622.22;654.82;0.2287;-0.2368;-0.0245;-0.0208;99.06238364;107.4086562;90.59915627;122.5598245
344;622.22;654.82;0.0761;0.0702;-0.0411;0.0453;99.29055418;107.1927547;90.60897164;122.5898242
345;622.22;654.82;0.0505;-0.0407;0.3107;0.0327;99.35539871;107.2963525;90.60183418;122.6850418
346;622.22;654.82;-0.1346;-0.1377;-0.1296;-0.0306;99.39124045;107.2862738;90.94675329;122.7648601
347;622.22;654.82;0.021;0.2177;-0.0714;0.1604;99.25263113;107.182083;90.83898489;122.7790328
348;622.22;654.82;-0.0883;-0.2344;-0.063;0.1897;99.27247917;107.4393167;90.79328438;122.9837889
349;622.22;654.82;-0.271;0.0031;0.0248;0.0537;99.18042299;107.2366235;90.7576248;123.2118316
350;622.22;654.82;-0.2763;0.137;-0.1491;0.087;98.90885481;107.2890264;90.81104589;123.2971827
351;622.22;654.82;0.2669;-0.0601;0.1148;0.0699;98.6470999;107.475012;90.68864851;123.4133308
352;622.22;654.82;-0.0009;-0.1616;-0.0368;-0.0015;98.93688376;107.4572986;90.83454753;123.5089744
353;622.22;654.82;-0.2022;-0.0848;0.2957;0.3547;98.95000998;107.3418399;90.82360633;123.5304155
354;622.22;654.82;-0.2774;-0.194;-0.0446;-0.0127;98.76080528;107.3100191;91.14555796;123.9074286
355;622.22;654.82;-0.2656;-0.0512;0.0847;-0.1763;98.51715163;107.1817453;91.11566031;123.9060066
356;622.22;654.82;0.0811;0.024;-0.0208;0.1785;98.29608915;107.2031338;91.21613431;123.7410262
357;622.22;654.82;-0.2641;0.2902;-0.0141;0.2608;98.43610299;107.2937439;91.20750762;123.9356727
358;622.22;654.82;-0.0427;-0.1268;-0.0197;0.0089;98.22378141;107.6513719;91.20589001;124.2069246
359;622.22;654.82;0.2286;0.0147;0.1048;-0.2192;98.24315547;107.5807003;91.19873036;124.2183484
360;622.22;654.82;0.0433;0.0273;0.0484;0.0072;98.53262778;107.6556595;91.31632723;124.0013385
361;622.22;654.82;0.3075;0.0644;0.0567;0.0842;98.62690071;107.7328495;91.37331191;124.0170704
362;622.22;654.82;-0.0964;-0.2371;-0.2055;-0.2084;98.98282252;107.8434536;91.43655642;124.1093424
363;622.22;654.82;0.0706;0.0297;0.127;0.0023;98.91979356;107.6493168;91.2353374;123.9063173
364;622.22;654.82;0.0407;0.1067;0.1051;0.2329;99.01962409;107.7264689;91.37382276;123.9199278
365;622.22;654.82;0.0375;0.2187;0.0974;-0.2934;99.08966139;107.8768752;91.48544898;124.1637402
366;622.22;654.82;0.0216;-0.2093;-0.0152;-0.0577;99.15709052;108.1383343;91.58538063;123.8741256
367;622.22;654.82;0.0996;-0.0293;-0.1116;0.0323;99.20891875;107.9493043;91.56913826;123.8286777
368;622.22;654.82;0.0659;-0.1409;-0.1981;-0.067;99.33564977;107.9490811;91.45707666;123.8745594
369;622.22;654.82;-0.3517;-0.0707;0.0135;0.2011;99.41852199;107.838612;91.26252339;123.8197988
370;622.22;654.82;0.0402;0.2442;0.285;-0.045;99.07280959;107.8026686;91.28653493;124.0347402
371;622.22;654.82;-0.0025;0.1039;0.0926;0.1381;99.13663745;108.0898406;91.58118647;123.9972956
372;622.22;654.82;-0.2773;-0.019;0.124;0.0369;99.16520897;108.2202122;91.67289407;124.1440457
373;622.22;654.82;0.0434;0.0709;-0.2679;-0.0158;98.92087126;108.2249857;91.79272342;124.1853065
374;622.22;654.82;-0.0521;-0.2581;-0.0776;0.0521;99.01338643;108.320609;91.51637173;124.1726618
375;622.22;654.82;-0.0224;-0.104;0.018;0.2176;98.99602758;108.0817408;91.44019723;124.2282866
376;622.22;654.82;-0.0069;-0.0312;-0.0818;-0.1062;99.00648712;108.0113969;91.46234794;124.4477864
377;622.22;654.82;-0.0187;-0.0354;0.0976;-0.1616;99.03273093;108.0240336;91.38390606;124.3370775
378;622.22;654.82;0.0718;-0.0689;0.1022;-0.1471;99.04309228;108.028561;91.48767135;124.1742002
379;622.22;654.82;-0.078;-0.0766;-0.1027;-0.0665;99.14716333;107.9945886;91.5923235;124.03058
380;622.22;654.82;-0.2221;-0.0245;-0.1232;0.0281;99.10012188;107.9505409;91.48833289;123.971757
381;622.22;654.82;-0.0352;0.072;-0.2413;0.2842;98.90754605;107.9592361;91.36756137;124.0092538
382;622.22;654.82;0.0977;-0.0472;-0.2946;-0.2779;98.90690704;108.0650612;91.13301174;124.3017543
383;622.22;654.82;-0.2069;-0.2364;-0.2447;-0.2551;99.03079742;108.0545572;90.85356377;124.0236084
384;622.22;654.82;-0.1447;0.0627;-0.12;-0.1208;98.83404191;107.8472897;90.63403988;123.7763893
385;622.22;654.82;-0.0396;0.103;0.1579;0.0383;98.70116631;107.9430104;90.54710135;123.6707008
386;622.22;654.82;-0.1546;-0.1005;-0.055;0.0593;98.67673034;108.0708014;90.74118832;123.7272058
387;622.22;654.82;0.2769;0.0925;-0.1732;-0.0686;98.54545929;107.9898928;90.71539979;123.8030568
388;622.22;654.82;-0.0577;-0.0131;0.203;0.0654;98.85115395;108.1085427;90.57233768;123.7487881
389;622.22;654.82;-0.3342;0.4316;0.0296;0.286;98.80222799;108.1136425;90.81061723;123.8301074
390;622.22;654.82;0.084;-0.1407;-0.1695;0.2058;98.48774337;108.5655483;90.86693524;124.1296472
391;622.22;654.82;-0.1293;0.1377;-0.0585;-0.0839;98.60879158;108.4297133;90.72213135;124.3402288
392;622.22;654.82;-0.2848;0.1069;0.1028;0.2061;98.50544364;108.5856976;90.69352741;124.2549595
393;622.22;654.82;-0.0277;-0.1259;-0.0836;-0.1838;98.25060184;108.7000456;90.82725113;124.4621802
394;622.22;654.82;-0.0717;-0.0928;-0.1285;0.2011;98.270087;108.5815286;90.76977189;124.2734512
395;622.22;654.82;-0.1437;-0.2464;-0.0752;-0.0154;98.2425576;108.4969397;90.66945671;124.4751319
396;622.22;654.82;-0.1758;0.1775;-0.0645;0.2812;98.14076731;108.2691638;90.62604535;124.454425
397;622.22;654.82;0.0865;0.1056;-0.0623;0.102;98.01028401;108.4768784;90.59489416;124.7309224
398;622.22;654.82;-0.1359;0.2562;0.2011;-0.1657;98.14735203;108.6096363;90.56706276;124.8201551
399;622.22;654.82;-0.1725;-0.1235;0.3446;0.1215;98.05432694;108.8884927;90.80363197;124.6390872
400;270.01;725.52;-0.0835;-0.199;-0.1611;-0.1199;97.93774376;108.7674663;91.1752008;124.7504975
401;270.01;725.52;-0.1934;0.077;0.0639;-0.1936;96.16813412;109.0519878;91.73474081;120.508143
402;270.01;725.52;0.2103;0.1367;-0.0709;0.0147;94.3955045;109.4725856;92.49926027;116.3168162
403;270.01;725.52;-0.0206;-0.0946;-0.1924;-0.0974;93.14164391;109.8050535;93.10172338;112.459192
404;270.01;725.52;-0.1815;-0.0005;0.1605;0.1623;91.74089554;109.7710931;93.56128699;108.6068986
405;270.01;725.52;0.1021;-0.1144;0.1566;0.0085;90.26597257;109.713743;94.35747339;105.1336015
406;270.01;725.52;0.0415;-0.0154;-0.0947;0.2941;89.17751771;109.4361575;95.12165413;101.615891
407;270.01;725.52;0.166;0.2089;-0.0952;-0.0126;88.11089261;109.1597091;95.60767035;98.49642387
408;270.01;725.52;0.0888;-0.1031;-0.088;0.0282;87.24057792;109.0207658;96.07615693;95.17179005
409;270.01;725.52;-0.1962;-0.1821;-0.2168;-0.0617;86.35438231;108.4672398;96.53546902;91.99795364
410;270.01;725.52;0.0912;-0.2468;0.0891;0.1011;85.24519749;107.757484;96.849966;88.8410327
411;270.01;725.52;-0.1382;0.2951;-0.0436;0.1104;84.49225966;106.9129847;97.4594192;85.9550019
412;270.01;725.52;-0.0195;-0.1319;0.0317;-0.0578;83.57059979;106.5553105;97.91501525;83.17877938
413;270.01;725.52;0.076;-0.1044;0.346;0.1285;82.83203006;105.6916437;98.43013848;80.33264599
414;270.01;725.52;0.1515;-0.0521;-0.0731;-0.0229;82.24590304;104.7997235;99.24177218;77.77529506
415;270.01;725.52;-0.0166;0.031;-0.2493;0.116;81.79440745;103.9149179;99.6063707;75.16018803
416;270.01;725.52;-0.3024;0.07;0.0035;-0.2203;81.21143004;103.0641234;99.7822575;72.78134605
417;270.01;725.52;-0.0114;0.0148;0.2253;0.3215;80.37990546;102.208893;100.2049167;70.15625462
418;270.01;725.52;-0.029;0.0059;0.1983;0.0785;79.89857606;101.2444169;100.834913;68.17406091
419;270.01;725.52;0.1305;-0.0002;-0.0309;-0.1787;79.44714695;100.246742;101.4164083;66.02646517
420;270.01;725.52;0.2141;-0.0344;-0.0425;0.0732;79.19945949;99.2130114;101.7489173;63.70702683
421;270.01;725.52;0.0799;0.1254;0.2627;-0.1304;79.06010822;98.10901437;102.0585377;61.7332503
422;270.01;725.52;-0.0779;-0.1492;0.0887;-0.0086;78.80462692;97.14562563;102.662863;59.63701559
423;270.01;725.52;-0.1132;0.1528;0.0929;0.0809;78.4256893;95.87437262;103.0727497;57.7501905
424;270.01;725.52;0.2085;-0.0223;-0.0598;-0.3447;78.04594599;94.89706198;103.473008;56.0330493
425;270.01;725.52;0.036;-0.2498;-0.1811;0.232;78.02213975;93.72630682;103.7070892;53.96442736
426;270.01;725.52;-0.041;0.0455;-0.0679;0.2985;77.83500628;92.30443;103.8120008;52.5633211
427;270.01;725.52;0.4056;-0.2303;-0.0956;0.1627;77.58464744;91.19752391;104.0265882;51.29121784
428;270.01;725.52;0.1434;-0.0497;-0.1272;-0.0926;77.80182442;89.82175396;104.2062727;49.94078834
429;270.01;725.52;0.0171;0.3745;0.0491;0.1068;77.75091287;88.64538816;104.3483316;48.39685685
430;270.01;725.52;-0.1416;-0.2885;0.2051;0.1278;77.58125294;87.89094713;104.6619304;47.1240112
431;270.01;725.52;-0.2413;0.0474;-0.138;-0.0464;77.27269874;86.45830033;105.1210325;45.9321292
432;270.01;725.52;-0.0887;-0.1217;0.0365;0.0861;76.89673926;85.39019039;105.2216959;44.62293531
433;270.01;725.52;0.0701;0.0881;0.0085;-0.188;76.69744451;84.15386086;105.4935006;43.50958619
434;270.01;725.52;0.2171;-0.258;0.1752;0.0823;76.67700739;83.14757126;105.7282444;42.17674099
435;270.01;725.52;0.1346;-0.0383;-0.0182;0.1434;76.81251482;81.7902101;106.1218722;41.18049203
436;270.01;725.52;-0.1282;0.0792;-0.2311;-0.0565;76.87112949;80.68561863;106.3090131;40.29558378
437;270.01;725.52;0.0854;-0.1544;0.0191;0.0109;76.66992415;79.721697;106.2770407;39.25591345
438;270.01;725.52;0.3051;-0.0748;0.0515;-0.1496;76.69236174;78.53049704;106.4963294;38.33731324
439;270.01;725.52;-0.0894;0.4061;0.0446;0.1732;76.94053513;77.44552264;106.7407433;37.30622771
440;270.01;725.52;0.1364;0.0644;0.0693;0.1037;76.78861598;76.85534193;106.9701578;36.65252685
441;270.01;725.52;-0.1333;-0.078;-0.066;-0.1468;76.87846976;75.92591433;107.2166782;35.96432376
442;270.01;725.52;-0.001;0.1986;-0.2664;0.0821;76.70181792;74.87617391;107.3197475;35.06280454
443;270.01;725.52;0.1508;-0.3292;-0.1846;0.1682;76.67061903;74.12116311;107.2190116;34.43943728
444;270.01;725.52;0.3185;0.1023;-0.1157;-0.0522;76.7896148;72.85268089;107.2034038;33.93659714
445;270.01;725.52;0.1919;0.1032;-0.2372;-0.0631;77.06922596;72.07017649;107.2572118;33.24135538
446;270.01;725.52;-0.1524;0.0094;-0.2105;0.2521;77.20859997;71.30075336;107.1877417;32.57426892
447;270.01;725.52;-0.1215;-0.1106;-0.1217;0.004;76.993705;70.45032269;107.1472673;32.26024198
448;270.01;725.52;0.0151;0.0003;0.0523;0.0326;76.82020632;69.51823955;107.1969307;31.71607134
449;270.01;725.52;0.1845;0.0698;0.3205;0.0556;76.79451565;68.7278336;107.4189526;31.231825
450;270.01;725.52;0.0485;0.0211;0.1033;0.2363;76.94697623;68.03181508;107.9018407;30.79868024
451;270.01;725.52;0.1417;-0.097;-0.0598;-0.1518;76.97095288;67.30868942;108.1516043;30.57155671
452;270.01;725.52;-0.0852;-0.1157;-0.2237;0.352;77.09503058;66.50311128;108.2300452;29.96968179
453;270.01;725.52;0.2066;0.2035;-0.0086;0.0106;76.98795285;65.69811145;108.1420057;29.90722226
454;270.01;725.52;-0.0281;0.2503;-0.3001;0.0116;77.17567781;65.26378268;108.2719624;29.50707912
455;270.01;725.52;0.077;-0.0979;-0.1168;-0.0931;77.12263843;64.8822687;108.1061444;29.13183743
456;270.01;725.52;-0.2013;0.0096;0.2392;-0.1167;77.17216407;64.15635361;108.1290812;28.67445746
457;270.01;725.52;0.0896;-0.0473;0.0036;0.085;76.94141798;63.56061261;108.5072632;28.22117525
458;270.01;725.52;0.1939;0.4461;0.1017;0.1467;77.02671622;62.92185543;108.6374116;27.99726148
459;270.01;725.52;0.016;-0.2808;0.0472;-0.1426;77.2158875;62.80751802;108.8613861;27.84879743
460;270.01;725.52;-0.0232;0.2084;0.074;0.2044;77.2240917;61.9651713;109.0235115;27.42018035
461;270.01;725.52;-0.1335;-0.0774;-0.0226;0.1318;77.19795942;61.64492158;109.2071219;27.36510835
462;270.01;725.52;-0.1669;-0.2851;0.0763;-0.1933;77.06897973;61.05815118;109.2881178;27.24086205
463;270.01;725.52;-0.2025;-0.172;0.2128;0.1568;76.91635296;60.29769383;109.4653621;26.79925708
464;270.01;725.52;-0.1271;-0.129;0.032;0.1153;76.74233621;59.67709133;109.7733073;26.73541078
465;270.01;725.52;0.2054;-0.2065;-0.3063;-0.1394;76.66338354;59.14013237;109.8903884;26.63408212
466;270.01;725.52;0.2336;-0.2214;-0.209;-0.2994;76.92511271;58.55811687;109.6653467;26.28443958
467;270.01;725.52;-0.0462;0.1097;0.1587;0.0552;77.19325045;57.98135912;109.5449545;25.7969267
468;270.01;725.52;0.1858;-0.0345;-0.1155;0.0944;77.16288314;57.74671165;109.7961972;25.69511676
469;270.01;725.52;-0.119;0.0912;0.099;-0.227;77.37439642;57.37852499;109.7650307;25.63903921
470;270.01;725.52;0.1413;-0.0896;0.0731;0.1153;77.26845663;57.15948325;109.9493821;25.26516527
471;270.01;725.52;0.1329;0.1168;0.1837;-0.1299;77.43466094;56.75164742;110.1018151;25.25771833
472;270.01;725.52;-0.0635;-0.1338;-0.1024;-0.0666;77.58829988;56.57984978;110.3598755;25.00555375
473;270.01;725.52;0.1128;-0.0816;0.3563;-0.0421;77.54551089;56.15379643;110.3234255;24.83306533
474;270.01;725.52;-0.1488;-0.2818;0.1182;0.0376;77.68018384;55.80032361;110.7468628;24.69632632
475;270.01;725.52;-0.2411;0.0825;-0.1235;0.0445;77.55964613;55.26403789;110.918419;24.64823298
476;270.01;725.52;-0.0947;0.0486;-0.0063;-0.155;77.3590001;55.12901158;110.8426991;24.61019186
477;270.01;725.52;-0.052;-0.0831;-0.1953;0.0963;77.31331738;54.96771969;110.8866398;24.37514629
478;270.01;725.52;0.1291;-0.0264;-0.0111;-0.1412;77.31427452;54.6713823;110.7401526;24.40686294
479;270.01;725.52;0.1402;-0.1431;-0.023;-0.0089;77.49151743;54.45614389;110.7826269;24.19898882
480;270.01;725.52;0.1122;-0.0125;-0.1763;-0.2534;77.67149972;54.12671843;110.8118203;24.13714274
481;270.01;725.52;0.1527;-0.3154;-0.13;0.0363;77.81455024;53.94871666;110.6867646;23.83489237
482;270.01;725.52;0.1592;0.0379;0.1876;0.0147;77.98618954;53.46121922;110.6120751;23.84243416
483;270.01;725.52;0.1701;-0.1316;0.1748;0.2462;78.15249582;53.36460224;110.8574152;23.82787306
484;270.01;725.52;-0.029;-0.071;0.2805;0.1522;78.32857834;53.10488271;111.0819776;24.04578297
485;270.01;725.52;0.125;0.0032;-0.1162;-0.2078;78.30322929;52.94010412;111.4049458;24.15519243
486;270.01;725.52;-0.1502;-0.0049;0.2077;0.091;78.44374312;52.86939417;111.3207361;23.89734619
487;270.01;725.52;-0.031;0.0411;-0.0495;-0.0061;78.29865155;52.7788767;111.5631569;23.95542595
488;270.01;725.52;-0.0452;-0.2657;0.0804;-0.0139;78.28854273;52.74516652;111.5405201;23.91254006
489;270.01;725.52;0.1154;0.041;0.1314;0.0307;78.26405296;52.4043891;111.6485166;23.8647081
490;270.01;725.52;0.0719;-0.0083;-0.2948;-0.1486;78.40499979;52.39332115;111.804015;23.86466224
491;270.01;725.52;0.1313;-0.2038;0.1057;-0.0153;78.49977994;52.33380236;111.5282796;23.68531944
492;270.01;725.52;-0.2331;0.1493;-0.0768;0.0962;78.63985724;52.07139339;111.6619727;23.65125125
493;270.01;725.52;0.094;-0.0995;-0.1446;-0.0874;78.41222348;52.18004774;111.6088354;23.73096288
494;270.01;725.52;0.11;0.0809;-0.1288;-0.5228;78.52239023;52.03684564;111.4896189;23.62174282
495;270.01;725.52;0.0594;-0.0804;-0.0171;0.2575;78.63868088;52.0777929;111.3900648;23.08443048
496;270.01;725.52;-0.1979;0.0598;-0.0949;-0.1258;78.69480114;51.91807777;111.4054375;23.36361731
497;270.01;725.52;0.2931;0.1611;0.0139;-0.1105;78.4910602;51.92976885;111.3425119;23.24064313
498;270.01;725.52;0.0408;0.0094;0.0512;0.1852;78.78739187;52.03356183;111.3904266;23.14126275
499;270.01;725.52;0.1199;-0.3582;0.1691;0.0031;78.81681875;51.97091227;111.4740876;23.34430097
500;270.01;725.52;-0.1583;-0.3239;0.0643;0.1968;78.92645455;51.55921609;111.6729368;23.3515281
501;270.01;725.52;-0.0197;0.0062;-0.0506;-0.1205;78.7583625;51.21420053;111.7605444;23.55196829
502;270.01;725.52;0.0244;0.0024;-0.0256;-0.122;78.74086053;51.23958636;111.7304159;23.42163329
503;270.01;725.52;0.1734;0.2027;-0.1199;-0.0574;78.767437;51.25043966;111.7262626;23.2985539
504;270.01;725.52;-0.1539;0.029;-0.1707;-0.1148;78.94143091;51.45245733;111.6279438;23.24836509
505;270.01;725.52;0.0115;0.1189;0.0811;-0.2064;78.77546674;51.46167504;111.4820084;23.14416327
506;270.01;725.52;0.0021;0.1223;0.1399;0.1682;78.77921184;51.55303279;111.5926009;22.95540519
507;270.01;725.52;0.106;-0.0959;0.0093;0.1409;78.77693604;51.62789549;111.7584103;23.15404711
508;270.01;725.52;-0.3135;0.1913;-0.3023;0.0579;78.88405303;51.49221765;111.7882508;23.31192023
509;270.01;725.52;0.1708;-0.0747;-0.0083;-0.0272;78.56680204;51.66493482;111.5055256;23.37613001
510;270.01;725.52;-0.0489;0.0006;-0.1194;-0.0077;78.741985;51.56257427;111.525956;23.35091316
511;270.01;725.52;0.0088;-0.1084;0.1645;0.0072;78.68857849;51.54175661;111.4346244;23.34689478
512;270.01;725.52;0.0069;0.1047;0.0692;0.1972;78.69282288;51.41328425;111.6301526;23.35804715
513;270.01;725.52;0.2312;-0.1857;0.2837;0.0791;78.70127105;51.5086436;111.7240457;23.55844817
514;270.01;725.52;0.0599;-0.025;-0.2673;0.1046;78.93659892;51.31966447;112.0293987;23.62727849
515;270.01;725.52;-0.0808;0.0378;-0.0382;-0.1717;78.99768771;51.31068866;111.7738733;23.71699536
516;270.01;725.52;-0.0656;-0.0612;0.2005;0.22;78.90648697;51.37121457;111.7557134;23.5244089
517;270.01;725.52;-0.129;-0.132;-0.1245;0.0936;78.83486159;51.31513147;111.9768412;23.73642325
518;270.01;725.52;-0.3124;-0.0068;-0.2966;0.1668;78.71088995;51.2068102;111.8658152;23.80783828
519;270.01;725.52;-0.359;-0.1469;0.1495;0.1596;78.4066815;51.23689022;111.5862802;23.9476847
520;270.01;725.52;0.0604;-0.0081;-0.1468;0.0597;78.06342031;51.133845;111.7618942;24.07101377
521;270.01;725.52;0.1681;-0.0349;0.176;0.14;78.16401109;51.18582195;111.635522;24.08624854
522;270.01;725.52;-0.0381;0.1526;-0.0967;-0.0341;78.362707;51.20795934;111.8360412;24.18077252
523;270.01;725.52;0.2005;0.2193;-0.1717;0.1215;78.35083337;51.42213653;111.7573695;24.09493226
524;270.01;725.52;0.0555;-0.0608;0.0529;-0.0867;78.57566238;51.68066082;111.6062437;24.17038025
525;270.01;725.52;0.1038;-0.089;0.0083;-0.1224;78.63832494;51.64401621;111.6846112;24.0326281
526;270.01;725.52;0.0348;-0.1553;-0.0142;-0.0301;78.74840777;51.57287812;111.7158408;23.86831106
527;270.01;725.52;-0.1602;-0.1856;-0.0678;0.1213;78.78450114;51.43002829;111.7235594;23.80722509
528;270.01;725.52;-0.1361;-0.1062;0.0019;0.0184;78.62387788;51.26389986;111.677428;23.90161242
529;270.01;725.52;0.2596;0.0168;0.0314;0.0728;78.49461593;51.19638518;111.7024902;23.88680807
530;270.01;725.52;-0.0325;0.1189;0.4559;-0.0832;78.76891742;51.256142;111.756241;23.92738973
531;270.01;725.52;-0.123;-0.026;-0.0185;-0.2094;78.73790107;51.41604736;112.2327518;23.80926928
532;270.01;725.52;-0.0154;-0.1847;-0.0568;0.0466;78.63348192;51.41074201;112.2194554;23.57282022
533;270.01;725.52;0.0233;-0.1659;0.1373;0.0844;78.64192538;51.23133353;112.1682884;23.60818668
534;270.01;725.52;-0.4228;0.3573;-0.0188;0.1411;78.68695552;51.08705422;112.3128744;23.67898253
535;270.01;725.52;-0.0644;-0.1861;-0.0449;0.1662;78.28810045;51.48195816;112.2966906;23.80173828
536;270.01;725.52;-0.0344;-0.3862;-0.0307;0.3554;78.26889264;51.3109286;112.2549294;23.94139173
537;270.01;725.52;0.1058;0.1255;0.0893;-0.3713;78.27938602;50.96240162;112.2287167;24.26093949
538;270.01;725.52;0.2524;-0.2221;-0.1119;0.2312;78.42865927;51.17393125;112.3233506;23.83259604
539;270.01;725.52;0.1955;-0.139;0.1555;-0.0394;78.71943413;50.99292411;112.2137286;24.03519096
540;270.01;725.52;-0.198;-0.2166;-0.0572;0.1743;78.93390692;50.92261479;112.3750466;23.95370372
541;270.01;725.52;0.2001;-0.3837;-0.0996;0.2121;78.7484078;50.77477932;112.3184557;24.09133239
542;270.01;725.52;-0.0798;-0.0244;0.0601;-0.1622;78.96928373;50.48054114;112.2212917;24.25761915
543;270.01;725.52;-0.259;-0.0796;-0.0834;0.0675;78.89509473;50.57966263;112.2869654;24.03859516
544;270.01;725.52;-0.1638;-0.1566;-0.1757;0.0079;78.64786459;50.60130133;112.2070182;24.06378187
545;270.01;725.52;-0.0672;-0.0105;-0.2092;0.1327;78.50672206;50.54591638;112.037353;24.02769656
546;270.01;725.52;-0.0582;0.0087;-0.1912;0.1507;78.46439609;50.63857649;111.8396705;24.11880704
547;270.01;725.52;0.0641;-0.142;0.0066;-0.4263;78.426987;50.74922118;111.6663814;24.22187194
548;270.01;725.52;-0.0238;-0.0172;-0.1386;0.0632;78.50831122;50.70732934;111.6965013;23.74111177
549;270.01;725.52;0.0765;0.0253;0.525;0.2321;78.49827138;50.7615539;111.5804459;23.78181352
550;270.01;725.52;-0.0242;0.0761;-0.0209;0.4963;78.58532104;50.8567537;112.131749;23.98869686
551;270.01;725.52;0.0977;0.0809;-0.0197;0.1393;78.58475758;51.00909099;112.1193156;24.44599865
552;270.01;725.52;0.1121;0.1659;0.1607;-0.1063;78.70572308;51.18458477;112.108484;24.51604653
553;270.01;725.52;-0.0304;-0.181;-0.1727;-0.0762;78.83414278;51.43600376;112.2784025;24.33588531
554;270.01;725.52;-0.1352;-0.0209;-0.1069;-0.2648;78.81855496;51.3090916;112.1094317;24.19769196
555;270.01;725.52;-0.0537;-0.0209;-0.0691;-0.21;78.69355759;51.34301556;112.0117195;23.88003172
556;270.01;725.52;0.1096;0.0381;0.1345;0.0593;78.6537126;51.35320694;111.9549658;23.6382648
557;270.01;725.52;0.2961;-0.1007;-0.0197;-0.2727;78.77750468;51.40545756;112.1036471;23.68194592
558;270.01;725.52;0.0338;-0.1655;0.1212;0.1332;79.0858565;51.31776886;112.0933219;23.39070341
559;270.01;725.52;0.1937;-0.1461;-0.0967;0.0714;79.11479197;51.15255543;112.2242303;23.52490539
560;270.01;725.52;-0.2154;0.1132;0.0766;-0.2633;79.30628385;51.02862786;112.1330091;23.58828641
561;270.01;725.52;-0.0489;0.0712;0.0381;0.0687;79.07532472;51.17791545;112.218035;23.31271596
562;270.01;725.52;0.0338;-0.1172;-0.1347;0.0922;79.02616235;51.25503669;112.261814;23.38767209
563;270.01;725.52;-0.0611;-0.1196;-0.0843;0.12;79.0637877;51.14280161;112.131379;23.48107813
564;270.01;725.52;-0.0482;0.137;0.0581;-0.2171;79.00025308;51.04319101;112.0555575;23.59600235
565;270.01;725.52;0.1423;0.0595;-0.1615;-0.2007;78.9506238;51.21565956;112.1245866;23.36611472
566;270.01;725.52;0.154;0.0929;-0.0795;-0.2035;79.09642592;51.28173914;111.9717846;23.16807234
567;270.01;725.52;-0.1708;-0.3376;-0.1265;-0.0118;79.24105768;51.36270716;111.9059221;22.98059667
568;270.01;725.52;-0.1089;0.0044;0.1643;-0.0693;79.0508993;50.99416942;111.7951897;22.99752728
569;270.01;725.52;-0.1685;-0.0215;0.1711;0.3298;78.92939398;50.99749466;111.9788398;22.95580828
570;270.01;725.52;0.049;-0.2705;0.1006;0.0611;78.76084025;50.97182684;112.1633492;23.31602281
571;270.01;725.52;0.1887;-0.1126;-0.1238;0.0874;78.82492916;50.723544;112.2713948;23.38315597
572;270.01;725.52;-0.2243;0.1542;-0.1635;0.067;79.02871684;50.65709116;112.1515503;23.47206605
573;270.01;725.52;0.0762;0.0029;0.1426;0.1232;78.80454142;50.86862095;111.9958771;23.53459582
574;270.01;725.52;-0.1612;-0.1813;-0.0539;-0.0483;78.88803671;50.91650192;112.1513356;23.64912646
575;270.01;725.52;0.031;0.1056;0.1939;-0.2514;78.73460984;50.78411871;112.1052693;23.58448034
576;270.01;725.52;-0.2351;-0.0468;0.0969;-0.1968;78.78025133;50.94465209;112.3084916;23.32106503
577;270.01;725.52;0.1805;-0.1273;0.1907;-0.0747;78.56387056;50.92253099;112.4081493;23.12995825
578;270.01;725.52;-0.1442;0.0261;0.1416;-0.0445;78.77810319;50.80872737;112.59839;23.07386161
579;270.01;725.52;-0.0713;-0.1922;-0.1914;0.0983;78.66209366;50.85341788;112.7333935;23.05176468
580;270.01;725.52;-0.1231;0.0806;0.0372;0.0778;78.62965874;50.6748166;112.5310449;23.17396576
581;270.01;725.52;-0.0904;-0.0046;-0.2571;-0.2709;78.54066832;50.79126243;112.5638203;23.2673915
582;270.01;725.52;0.001;-0.0168;-0.1221;0.0738;78.49028916;50.81970803;112.3012386;23.00580525
583;270.01;725.52;0.2119;0.1598;0.0286;0.1072;78.52558568;50.81602396;112.1821305;23.10662432
584;270.01;725.52;0.2106;-0.1101;0.0623;-0.0447;78.76600902;50.99606368;112.2175693;23.23400765
585;270.01;725.52;0.0695;0.0058;0.1289;0.0859;78.9931679;50.90075431;112.2855633;23.20087541
586;270.01;725.52;0.0489;0.215;-0.0532;-0.0359;79.06905508;50.92654877;112.4179613;23.3005818
587;270.01;725.52;-0.2207;0.4151;-0.066;-0.2471;79.1244886;51.16626028;112.3639853;23.27175621
588;270.01;725.52;-0.0488;0.1775;0.2529;0.0297;78.90556606;51.5854266;112.2989515;23.03367539
589;270.01;725.52;-0.0959;-0.1497;0.2662;-0.1872;78.86835292;51.71828902;112.5549172;23.08850331
590;270.01;725.52;0.1211;0.1189;0.3659;-0.011;78.79432602;51.51736452;112.8159227;22.92271418
591;270.01;725.52;0.1191;-0.0652;-0.1276;0.2186;78.949744;51.58937438;113.1682149;22.94437827
592;270.01;725.52;0.1841;-0.0254;0.2452;0.0667;79.10604022;51.47316707;113.0156667;23.19416957
593;270.01;725.52;0.0382;0.3272;-0.2031;-0.0322;79.3139265;51.42271423;113.2408269;23.27512923
594;270.01;725.52;0.1392;0.0902;0.0892;-0.0601;79.37186166;51.73425006;113.0104436;23.25172078
595;270.01;725.52;-0.1144;0.0858;-0.2601;-0.1587;79.52024006;51.78302788;113.0797719;23.20199239
596;270.01;725.52;-0.3526;-0.2807;-0.0253;0.0797;79.40920003;51.82026743;112.7975691;23.05702327
597;270.01;725.52;0.0538;-0.1736;-0.0612;-0.1024;79.05689694;51.47830946;112.7592526;23.16026779
598;270.01;725.52;-0.1274;0.0306;0.0642;-0.2351;79.12889755;51.27696453;112.6862707;23.07442006
599;270.01;725.52;0.0704;0.0175;-0.3622;0.2596;79.01343128;51.2896633;112.7410409;22.86168528
600;402.16;89.85;0.0793;0.0273;0.1155;0.1001;79.10380919;51.27382215;112.3676458;23.15810205
601;402.16;89.85;0.1233;-0.1077;0.1878;0.0599;79.84687902;47.05133195;106.1272938;24.81665083
602;402.16;89.85;-0.1782;0.0515;-0.0936;0.157;80.38933145;43.13984208;100.1635546;26.32473437
603;402.16;89.85;0.2035;-0.0402;-0.2595;0.2197;80.40002968;39.80938656;94.11936498;27.83281367
604;402.16;89.85;0.0728;-0.1171;0.0137;0.0058;80.58198775;36.76989158;88.11913857;29.30923281
605;402.16;89.85;0.0557;-0.0674;0.19;0.1387;80.40832442;34.01726642;82.60722653;30.4818188
606;402.16;89.85;0.032;-0.0158;0.054;0.2587;80.02276038;31.64210051;77.47577492;31.71748165
607;402.16;89.85;-0.2067;-0.1055;0.3294;-0.0149;79.43802813;29.62176305;72.40460799;33.00100378
608;402.16;89.85;0.2045;-0.0175;0.2098;0.169;78.4457861;27.78867655;67.80931628;33.93746397
609;402.16;89.85;0.3424;0.095;-0.0786;-0.0235;77.73092682;26.28701347;63.28224326;35.00512376
610;402.16;89.85;-0.1765;0.1187;0.1958;-0.3176;77.00172182;25.11803537;58.65813321;35.82107915
611;402.16;89.85;0.1422;-0.0196;-0.0221;-0.3697;75.591032;24.14592395;54.51109597;36.2982941
612;402.16;89.85;-0.028;0.0173;0.0278;-0.0239;74.38846431;23.17056266;50.3348317;36.69753633
613;402.16;89.85;0.2297;0.0934;-0.1582;-0.1043;72.88544104;22.3653908;46.40587389;37.42106357
614;402.16;89.85;0.2049;-0.1576;0.149;-0.3252;71.53147217;21.76906979;42.48425769;38.0254964
615;402.16;89.85;-0.0049;0.1804;-0.0057;-0.2615;70.02842155;21.02454381;39.07117081;38.37698988
616;402.16;89.85;0.1503;-0.2939;0.108;-0.1149;68.21903356;20.72624792;35.68631144;38.77366866
617;402.16;89.85;0.2377;-0.1002;-0.0117;0.1016;66.48059161;20.01083494;32.60464268;39.2961542
618;402.16;89.85;-0.0772;-0.0526;0.0528;-0.0038;64.7514825;19.60470471;29.58377423;40.00791354
619;402.16;89.85;-0.0108;-0.2156;-0.0088;0.1327;62.625269;19.33383655;26.81283078;40.5774734
620;402.16;89.85;-0.0008;0.1084;0.0128;0.148;60.51568408;18.96339682;24.15889303;41.25432096
621;402.16;89.85;0.0648;-0.1136;0.1367;0.0028;58.36616243;18.99859127;21.70649888;41.91201883
622;402.16;89.85;-0.2569;-0.0513;0.0657;-0.2377;56.24176779;18.84048848;19.55329833;42.39131136
623;402.16;89.85;0.0579;0.284;0.1291;-0.0056;53.76911215;18.7889796;17.49136542;42.60606957
624;402.16;89.85;0.0049;0.125;-0.1198;-0.0833;51.60848009;19.09011455;15.65683222;43.04220273
625;402.16;89.85;-0.0046;0.1069;-0.2015;0.1348;49.38453892;19.21537935;13.72764898;43.37893822
626;402.16;89.85;-0.0853;0.1323;-0.0715;0.076;47.13012888;19.32326806;11.88907627;43.91709619
627;402.16;89.85;-0.1771;0.065;0.2086;-0.2197;44.77605554;19.46937735;10.35640208;44.3699346
628;402.16;89.85;-0.0548;0.143;0.1263;0.0594;42.3407719;19.551885;9.26117187;44.50488347
629;402.16;89.85;0.1142;0.0094;0.0271;0.0968;40.08652383;19.70857209;8.203347446;44.91234164
630;402.16;89.85;-0.1791;0.2045;0.1961;-0.0203;38.04853941;19.73178707;7.168868615;45.33736056
631;402.16;89.85;0.2466;0.0817;0.079;0.0073;35.74718186;19.9677869;6.431140287;45.62468084
632;402.16;89.85;-0.2393;-0.1509;-0.1988;0.114;33.95790669;20.06533272;5.673150841;45.92573073
633;402.16;89.85;-0.0327;0.0867;-0.1794;0.3088;31.72381831;19.93261263;4.742841284;46.31899422
634;402.16;89.85;-0.0535;-0.0172;-0.1742;0.0912;29.74523778;20.07288654;3.971560367;46.88820534
635;402.16;89.85;0.2558;0.0253;-0.1253;0.2011;27.79189931;20.11892477;3.332035612;47.21267068
636;402.16;89.85;0.0002;-0.0722;0.1891;-0.0788;26.20936326;20.21713898;2.856033233;47.6316359
637;402.16;89.85;0.0225;-0.0449;-0.0054;0.2355;24.42584512;20.22547092;2.787096014;47.75089382
638;402.16;89.85;-0.1915;-0.0936;-0.0379;-0.0327;22.82200843;20.26569231;2.537701955;48.17882956
639;402.16;89.85;0.243;-0.0387;0.163;-0.1986;21.11144075;20.27234794;2.308121749;48.31844869
640;402.16;89.85;-0.0788;0.0745;0.1711;-0.0438;19.96140532;20.33962352;2.32992343;48.28562388
641;402.16;89.85;0.1386;-0.1697;0.1489;-0.0037;18.61719306;20.51024016;2.354926345;48.40913671
642;402.16;89.85;0.1489;0.1691;-0.1471;-0.2974;17.64398894;20.42139792;2.352139317;48.56696642
643;402.16;89.85;0.0115;-0.1465;0.0374;-0.1527;16.7909923;20.68968074;2.053973915;48.42371694
644;402.16;89.85;0.2814;0.2088;-0.0586;0.0257;15.83123013;20.60268464;2.00908523;48.43186446
645;402.16;89.85;-0.2053;-0.0803;0.1971;0.1147;15.24551478;20.8820412;1.878973098;48.61803082
646;402.16;89.85;0.0488;-0.4446;0.1018;0.136;14.21301646;20.8468102;2.036496577;48.88449644
647;402.16;89.85;0.2655;0.101;0.2298;-0.0074;13.60325693;20.46400288;2.060189589;49.15983737
648;402.16;89.85;-0.0976;-0.2473;-0.1472;-0.0251;13.29492799;20.68654615;2.206218008;49.27897531
649;402.16;89.85;-0.0716;-0.1694;-0.0257;-0.0109;12.69837038;20.5389724;1.941030144;49.37488459
650;402.16;89.85;0.2834;0.1498;-0.099;0.0224;12.14478773;20.49186154;1.860388482;49.48054802
651;402.16;89.85;0.0649;0.1378;-0.2531;-0.0233;12.00214497;20.77464099;1.72646267;49.61461844
652;402.16;89.85;-0.2501;0.0903;-0.2617;-0.0514;11.62662765;21.01692281;1.472662083;49.6967879
653;402.16;89.85;-0.0493;0.0887;0.0485;-0.1486;10.92022007;21.18595905;1.278981395;49.74706104
654;402.16;89.85;0.09;-0.0954;-0.1342;0.15;10.4598235;21.33520621;1.452036395;49.69781306
655;402.16;89.85;-0.1253;0.1259;0.1102;-0.1162;10.25752016;21.28003844;1.391691953;49.94943886
656;402.16;89.85;0.1142;-0.3411;-0.0296;-0.1474;9.852994051;21.46443782;1.59306483;49.92325886
657;402.16;89.85;-0.0531;0.0948;0.1203;-0.3668;9.806093579;21.15839895;1.598201604;49.86708501
658;402.16;89.85;0.1032;0.1146;-0.1077;-0.132;9.600518103;21.32262136;1.751846914;49.59410022
659;402.16;89.85;0.0802;-0.1286;0.1575;0.1149;9.623787117;21.4741803;1.63685996;49.56851814
660;402.16;89.85;-0.0468;-0.0583;0.0393;-0.106;9.590195643;21.36309491;1.817304324;49.79101886
661;402.16;89.85;0.3561;0.1499;-0.108;-0.0529;9.481843101;21.3459653;1.832550283;49.78234229
662;402.16;89.85;-0.1255;0.1536;-0.0537;0.0298;9.79721896;21.53870142;1.696634522;49.82716606
663;402.16;89.85;-0.0631;0.0232;-0.1903;-0.3253;9.546858469;21.71400614;1.650035537;49.95262202
664;402.16;89.85;0.0848;0.1831;0.0616;0.0837;9.385498776;21.74368237;1.479163159;49.7171954
665;402.16;89.85;0.1709;0.0719;-0.1799;-0.2096;9.350638568;21.91885278;1.606951408;49.90162618
666;402.16;89.85;0.0462;0.2651;0.0487;0.067;9.442593709;21.97043473;1.458031685;49.78424921
667;402.16;89.85;-0.0657;-0.1607;0.0929;0.0793;9.354168798;22.20366662;1.578886566;49.94888499
668;402.16;89.85;0.0199;0.0594;0.0161;0.1736;9.201356919;21.99102789;1.710375674;50.11823051
669;402.16;89.85;-0.1006;-0.0271;-0.1098;0.0753;9.193494927;22.03149618;1.72997422;50.37408168
670;402.16;89.85;0.2956;0.0567;0.0921;-0.0061;9.071499613;21.99240773;1.61855963;50.5198819
671;402.16;89.85;-0.1361;-0.1054;0.1344;-0.042;9.335757643;22.04844607;1.73851217;50.57759902
672;402.16;89.85;-0.0738;0.3039;0.072;0.2953;9.157880168;21.93837128;1.869079145;50.5967732
673;402.16;89.85;0.1298;0.0887;0.0673;0.032;9.103859012;22.25155655;1.903975659;50.95236972
674;402.16;89.85;0.0646;0.1386;0.08;0.1403;9.270776183;22.32865214;1.925478504;51.02841928
675;402.16;89.85;-0.1173;0.1151;-0.1175;-0.07;9.351181923;22.45001338;1.954364037;51.20930156
676;402.16;89.85;-0.1164;-0.1319;0.3068;-0.0278;9.244042308;22.54181544;1.778653149;51.17164734
677;402.16;89.85;0.1088;0.0748;-0.2808;-0.1744;9.110772973;22.37411597;2.071262464;51.17790651
678;402.16;89.85;-0.0003;-0.0151;0.0994;0.0422;9.296192909;22.43312525;1.704054719;51.03728083
679;402.16;89.85;0.1822;0.3282;0.2136;0.1265;9.251396595;22.38888167;1.808608603;51.11965926
680;402.16;89.85;0.0766;-0.2244;0.2561;0.1505;9.42321138;22.69689981;2.000364399;51.28258509
681;402.16;89.85;-0.0575;-0.1219;-0.0796;-0.2312;9.509797494;22.4235716;2.187059822;51.46209804
682;402.16;89.85;-0.0405;-0.1386;-0.2455;-0.1264;9.492835828;22.29297184;1.993895031;51.25175704
683;402.16;89.85;-0.2024;0.0622;0.0431;0.0761;9.449808358;22.15151101;1.680556869;51.15577172
684;402.16;89.85;0.0198;0.0093;0.1541;0.0533;9.172468641;22.22320895;1.734991477;51.26665347
685;402.16;89.85;0.1642;0.1163;-0.0016;-0.1005;9.175532772;22.23856738;1.88617258;51.34969076
686;402.16;89.85;0.0433;-0.2307;-0.1105;0.3266;9.360960799;22.36288437;1.843200608;51.27515393
687;402.16;89.85;0.1061;0.3273;0.0813;0.2334;9.385268305;22.1221408;1.702096698;51.63110473
688;402.16;89.85;0.2461;-0.0563;0.0289;-0.113;9.432265449;22.48400456;1.789063973;51.87769999
689;402.16;89.85;0.2355;0.1246;-0.1326;-0.2056;9.634378988;22.43071969;1.801106102;51.76673566
690;402.16;89.85;-0.0742;0.093;-0.0272;0.1156;9.797314688;22.55958359;1.648572776;51.56818969
691;402.16;89.85;-0.2634;-0.3207;-0.2502;0.2259;9.585523066;22.63271109;1.641190134;51.69983641
692;402.16;89.85;0.0545;-0.1472;0.0408;-0.1052;9.215459144;22.28952866;1.412777159;51.93581857
693;402.16;89.85;-0.0827;0.137;0.0034;-0.3322;9.158368479;22.1708796;1.538657213;51.83002796
694;402.16;89.85;0.0767;0.097;-0.1041;-0.206;9.008650938;22.34567509;1.591672087;51.50201894
695;402.16;89.85;-0.0092;0.0348;-0.1875;-0.1799;9.056854729;22.44496345;1.522686518;51.31506656
696;402.16;89.85;0.0437;0.0304;-0.296;-0.0984;8.992485506;22.46186887;1.389218442;51.16270306
697;402.16;89.85;0.3465;0.0885;0.2838;-0.0886;8.953518589;22.46545601;1.185109086;51.09876932
698;402.16;89.85;-0.0723;0.0114;-0.0331;0.0005;9.162034057;22.52381041;1.622407582;51.04754647
699;402.16;89.85;0.042;-0.2355;-0.0655;0.1152;9.044927533;22.49587362;1.616125801;51.0877571
700;402.16;89.85;0.0976;-0.1894;0.009;-0.0302;9.059199894;22.22615072;1.579133184;51.24083581
701;402.16;89.85;-0.0178;-0.1934;0.2855;0.0122;9.116763855;22.04128728;1.626655136;51.24154717
702;402.16;89.85;-0.2172;-0.0811;0.0482;-0.0739;9.062538556;21.8743575;1.937833045;51.28462618
703;402.16;89.85;0.0558;-0.1265;0.0434;0.1141;8.89744427;21.84154226;1.93187692;51.23964633
704;402.16;89.85;0.1035;-0.1628;0.0427;-0.044;9.03052506;21.76519389;1.922585964;51.38471179
705;402.16;89.85;0.0461;-0.2256;-0.0567;-0.1543;9.187522306;21.66825209;1.914885041;51.36508413
706;402.16;89.85;-0.1118;0.0084;-0.1923;0.0291;9.260063659;21.51921347;1.809686438;51.23604799
707;402.16;89.85;-0.0451;0.0603;0.0973;-0.0025;9.136775094;21.61618602;1.595268037;51.2962771
708;402.16;89.85;0.0449;-0.1071;0.124;0.0705;9.04358503;21.75615879;1.726707726;51.32216762
709;402.16;89.85;0.1038;-0.2864;0.1205;-0.0886;9.090245034;21.71315509;1.849943325;51.41988141
710;402.16;89.85;0.2058;-0.2784;0.0643;-0.0433;9.219849413;21.50043119;1.938141562;51.35405672
711;402.16;89.85;0.1316;-0.2108;-0.046;0.4348;9.452671529;21.31822527;1.948209605;51.33652153
712;402.16;89.85;0.0047;-0.073;-0.1938;-0.0817;9.576919402;21.22477126;1.845506281;51.79788305
713;402.16;89.85;0.0985;-0.0685;0.1337;0.0144;9.529271386;21.30132783;1.620521441;51.7218279
714;402.16;89.85;0.0453;-0.0859;0.0385;0.2044;9.524367873;21.36968904;1.781546497;51.74531441
715;402.16;89.85;-0.13;-0.1363;-0.032;0.1772;9.509290337;21.4134643;1.805113773;51.95773784
716;402.16;89.85;0.012;0.0324;0.0972;0.0253;9.327297974;21.41116833;1.752159204;52.13335713
717;402.16;89.85;0.0335;-0.0957;0.1745;-0.072;9.30239427;21.58577425;1.841991519;52.14915108
718;402.16;89.85;-0.0554;-0.093;-0.1705;0.1413;9.325867633;21.61200281;1.986192392;52.06693294
719;402.16;89.85;0.2807;0.1232;-0.0478;-0.2494;9.292392538;21.63407765;1.749722572;52.20172291
720;402.16;89.85;-0.1995;-0.1153;0.0608;0.1692;9.541090482;21.87578413;1.695184977;51.93973526
721;402.16;89.85;0.1;-0.1053;0.2692;-0.0613;9.256179339;21.83828658;1.763466863;52.10816772
722;402.16;89.85;0.006;0.0369;0.0147;0.1282;9.333475688;21.82286208;2.022380845;52.0384976
723;402.16;89.85;-0.1089;-0.1373;0.0605;-0.0343;9.368942832;21.94833437;1.962364359;52.16147071
724;402.16;89.85;-0.0801;0.1768;-0.4027;0.0599;9.269352249;21.89020421;1.962697291;52.11639719
725;402.16;89.85;-0.1907;-0.0931;0.1582;-0.0918;9.214418055;22.15106224;1.499748903;52.16755593
726;402.16;89.85;-0.0426;-0.0015;-0.2429;-0.2407;8.936956726;22.11334289;1.718365458;52.06470811
727;402.16;89.85;0.0257;0.0042;0.0022;-0.0172;8.91113779;22.16705425;1.476876002;51.81759846
728;402.16;89.85;-0.013;0.151;0.0376;-0.0381;8.892376656;22.20894047;1.545907982;51.80515156
729;402.16;89.85;-0.2542;0.0865;-0.1767;-0.0494;8.857171031;22.39210742;1.631125064;51.77236762
730;402.16;89.85;0.0311;0.2603;0.1795;0.0678;8.609617414;22.48767223;1.47890457;51.72976682
731;402.16;89.85;-0.1316;0.134;0.3191;-0.0439;8.646089123;22.74386477;1.724665576;51.80629396
732;402.16;89.85;0.1302;0.1969;-0.0596;0.0075;8.580350255;22.84719336;2.043533105;51.76765836
733;402.16;89.85;-0.1071;0.044;-0.133;-0.113;8.866802923;22.99961145;1.90414038;51.78217064
734;402.16;89.85;0.1618;-0.2117;-0.2804;-0.0146;8.835102278;22.98204252;1.725302378;51.6755263
735;402.16;89.85;-0.1932;0.1241;0.0226;-0.3959;9.032014446;22.70598852;1.444504002;51.67210931
736;402.16;89.85;0.2193;-0.0197;-0.0644;0.0094;8.765673875;22.79777228;1.54310125;51.28754707
737;402.16;89.85;0.0584;0.14;0.1485;-0.059;8.982614687;22.7175813;1.527091109;51.32573445
738;402.16;89.85;-0.0898;-0.0579;-0.1412;0.0283;8.999019088;22.8081953;1.728402541;51.29378614
739;402.16;89.85;-0.0878;-0.1129;0.0039;-0.009;8.918595087;22.68887135;1.585996921;51.35058989
740;402.16;89.85;-0.2574;0.186;-0.0292;-0.0204;8.815303198;22.53107313;1.626551943;51.36751221
741;402.16;89.85;0.163;0.0915;-0.1317;-0.0641;8.570134114;22.69144053;1.623057538;51.37226577
742;402.16;89.85;0.151;-0.0216;0.1057;-0.0605;8.784637377;22.73872637;1.518001171;51.33310341
743;402.16;89.85;-0.1896;0.13;-0.2614;0.2258;8.923240398;22.66560309;1.679033321;51.29932024
744;402.16;89.85;-0.1347;-0.0234;-0.0687;-0.0401;8.742314637;22.75109841;1.42937016;51.55337243
745;402.16;89.85;0.2839;0.3196;-0.0325;0.0188;8.577145742;22.68472752;1.440987369;51.52999096
746;402.16;89.85;0.0512;-0.097;-0.0259;0.0597;8.861035679;22.96805769;1.485486414;51.56656979
747;402.16;89.85;0.1442;-0.1698;0.2037;-0.2196;8.878322594;22.80339273;1.523997542;51.64238996
748;402.16;89.85;-0.0989;-0.2497;0.0961;-0.0981;8.996545429;22.5885491;1.781366003;51.43547392
749;402.16;89.85;0.1478;-0.368;0.0149;0.1725;8.921101019;22.3095579;1.862579552;51.35944136
750;402.16;89.85;-0.0682;0.0723;-0.1217;0.0849;9.125133749;21.94163396;1.842004231;51.55746155
751;402.16;89.85;-0.2905;-0.1114;-0.2216;-0.1069;9.075148585;22.06659439;1.690001899;51.65889467
752;402.16;89.85;-0.203;0.3285;0.2263;-0.2754;8.771728298;21.99760369;1.477246986;51.56393098
753;402.16;89.85;-0.0105;0.0044;0.1976;-0.143;8.547042783;22.37240184;1.770274517;51.30477078
754;402.16;89.85;0.0171;0.1934;0.0293;0.0898;8.630544834;22.36698297;1.955836058;51.18977522
755;402.16;89.85;0.0173;0.1401;0.1658;-0.1229;8.774401995;22.54597293;1.926564942;51.31280944
756;402.16;89.85;-0.0241;-0.1948;0.0434;0.002;8.887689856;22.65620551;2.040982605;51.21754852
757;402.16;89.85;0.0452;0.0569;-0.0223;-0.2934;8.968943441;22.41428275;2.005200566;51.25151912
758;402.16;89.85;0.0618;-0.0008;0.1597;-0.2156;9.097739708;22.45400994;1.912326671;50.98854462
759;402.16;89.85;-0.2048;-0.2371;0.0906;-0.0488;9.199706349;22.41938773;2.024160895;50.81534456
760;402.16;89.85;0.0289;-0.0373;-0.1914;-0.1473;9.046050723;22.14463604;2.039616203;50.81684797
761;402.16;89.85;0.0801;0.1161;0.1293;0.0162;9.154404599;22.10219522;1.769361489;50.71978272
762;402.16;89.85;0.0789;-0.1421;-0.1531;-0.1072;9.229538982;22.21374854;1.886857868;50.79065257
763;402.16;89.85;0.0384;-0.1259;0.0381;-0.0915;9.321229183;22.05713167;1.692215173;50.73488382
764;402.16;89.85;0.0449;0.0271;0.2476;-0.0444;9.3080561;21.9327206;1.738577892;50.6973634
765;402.16;89.85;-0.0827;-0.2423;0.2227;0.1128;9.31558292;21.97438001;1.982327811;50.70865824
766;402.16;89.85;0.1983;-0.1568;-0.0255;-0.0015;9.255498019;21.74220012;2.139996743;50.87663667
767;402.16;89.85;-0.1008;-0.1709;0.0571;0.0393;9.523532958;21.6308735;2.011880423;50.92264166
768;402.16;89.85;0.0339;-0.0815;-0.0617;0.2184;9.419740193;21.52087068;1.996793749;51.0073473
769;402.16;89.85;0.0285;-0.1626;0.0784;0.2208;9.463308904;21.51733049;1.866553412;51.26729004
770;402.16;89.85;0.0125;0.0047;0.1281;-0.0902;9.46255204;21.44495005;1.908482292;51.51779839
771;402.16;89.85;-0.468;-0.0608;0.1356;-0.2242;9.456357079;21.55995052;1.989668241;51.44593023
772;402.16;89.85;0.1259;-0.0641;0.076;0.1433;8.990535401;21.59236705;2.058454876;51.24332303
773;402.16;89.85;-0.1344;-0.0062;0.261;0.0019;9.20933155;21.60838837;2.051096926;51.41742126
774;402.16;89.85;0.2183;-0.001;0.4202;0.099;9.130998702;21.68829954;2.230495374;51.44220827
775;402.16;89.85;0.0498;0.143;0.1419;-0.0344;9.459837843;21.76496314;2.527130062;51.56297001
776;402.16;89.85;-0.1283;-0.0548;0.1542;-0.0976;9.633862545;21.98193788;2.479623034;51.54485338
777;402.16;89.85;-0.0329;0.1916;0.0565;0.1919;9.59227821;21.97443303;2.454690198;51.46435821
778;402.16;89.85;0.0239;-0.0862;0.2201;-0.0553;9.647147765;22.21056885;2.337488898;51.67701463
779;402.16;89.85;-0.1261;-0.2232;-0.0734;0.0163;9.724353264;22.15054367;2.409797237;51.63283024
780;402.16;89.85;0.0421;-0.011;0.2526;-0.1402;9.655623004;21.95862084;2.172545735;51.66224731
781;402.16;89.85;-0.0032;0.2194;0.1345;-0.1139;9.71211868;22.00300907;2.31494474;51.53383176
782;402.16;89.85;0.1013;0.0253;-0.0155;0.0262;9.747068552;22.26670004;2.30671084;51.4375364
783;402.16;89.85;0.1704;0.0971;0.0884;-0.0396;9.879247032;22.30068235;2.150330342;51.48571021
784;402.16;89.85;-0.1639;0.0283;0.0655;-0.1308;10.02427231;22.40463854;2.133699841;51.46589774
785;402.16;89.85;0.2778;-0.114;0.0115;-0.0411;9.808879611;22.42664019;2.098057489;51.3557843
786;402.16;89.85;0.0246;0.0829;0.2128;-0.0309;10.0598772;22.29875192;2.016799553;51.34037063
787;402.16;89.85;0.2507;-0.1272;0.0947;0.1801;9.99978181;22.38213686;2.156226919;51.33585725
788;402.16;89.85;-0.1079;0.0467;-0.0627;0.2497;10.20799487;22.2453837;2.144521433;51.54254896
789;402.16;89.85;0.2141;-0.1941;-0.1228;-0.1462;10.02320211;22.30804895;1.978147319;51.80945828
790;402.16;89.85;0.1331;-0.195;-0.0341;-0.1108;10.14884505;22.13460201;1.791332774;51.66837954
791;402.16;89.85;0.2097;0.0567;-0.164;0.1404;10.12778133;21.97437784;1.739794681;51.56908623
792;402.16;89.85;-0.1624;-0.1238;0.0494;0.2728;10.17324415;22.08037057;1.571628889;51.72549231
793;402.16;89.85;-0.1122;-0.0117;0.1234;-0.1078;9.794973356;22.00036121;1.661596652;52.00721295
794;402.16;89.85;0.0825;-0.1427;0.2769;-0.0846;9.549007465;22.05468625;1.801350001;51.89559817
795;402.16;89.85;0.0481;-0.0915;0.0833;-0.0578;9.572334607;21.96651825;2.058254492;51.81222489
796;402.16;89.85;-0.0728;-0.2763;0.1443;0.1318;9.62092838;21.93625552;2.058244333;51.75942103
797;402.16;89.85;-0.0707;0.0169;0.0363;-0.2048;9.541034634;21.72240406;2.119236598;51.89860605
798;402.16;89.85;-0.0346;0.0238;-0.2545;0.266;9.490162683;21.83355848;2.057788035;51.69489684
799;402.16;89.85;-0.0286;0.2445;0.0612;0.0191;9.468815511;21.929122;1.720089136;51.97120266
800;692.32;825.32;-0.0247;0.0531;0.0487;-0.1201;9.372661358;22.24649338;1.782249861;51.98811383
801;692.32;825.32;-0.0684;-0.1483;-0.048;0.0943;10.76242934;27.23872263;9.170536841;55.25026135
802;692.32;825.32;-0.0902;-0.2042;0.041;-0.1147;13.05536929;31.61449839;15.30332834;58.58175459
803;692.32;825.32;0.0947;0.0705;-0.21;-0.0054;15.60957668;35.62824092;20.92038926;61.56046564
804;692.32;825.32;0.1678;0.0777;0.1335;-0.1565;18.47511516;39.65582058;25.83345572;64.52334544
805;692.32;825.32;0.1055;0.0596;0.1637;0.0612;21.42599456;43.44607443;30.74183809;67.21362807
806;692.32;825.32;0.0098;-0.1679;0.0737;-0.0253;24.31097774;46.99833195;35.36433994;70.01368657
807;692.32;825.32;-0.1584;0.0341;0.1408;0.0229;27.08368352;50.13866618;39.62155524;72.61718715
808;692.32;825.32;0.1245;0.113;0.0263;0.0959;29.66160737;53.33018539;43.70787215;75.16851383
809;692.32;825.32;0.2379;0.0026;0.021;0.1429;32.50503099;56.44989012;47.46300524;77.6962092
810;692.32;825.32;0.001;-0.1833;-0.0968;0.0419;35.40552603;59.31860389;51.02248854;80.17677245
811;692.32;825.32;0.0357;-0.0985;0.016;-0.0355;38.00197017;61.88214001;54.29057782;82.46543618
812;692.32;825.32;0.0555;0.2674;-0.1211;0.2586;40.57996999;64.42954711;57.51734388;84.59407177
813;692.32;825.32;0.41;0.075;0.1062;-0.046;43.12655597;67.24000868;60.45932392;86.94097993
814;692.32;825.32;-0.0187;-0.0269;0.2165;0.0593;45.96835913;69.74750324;63.49752335;88.90078282
815;692.32;825.32;0.1061;0.107;-0.1525;0.0066;48.30761396;72.05226508;66.51396116;90.89783856
816;692.32;825.32;-0.2485;-0.0744;0.2687;-0.0108;50.73492905;74.40693251;69.0333737;92.77362093
817;692.32;825.32;0.0717;-0.0059;-0.0667;0.2444;52.74556311;76.49055451;71.86926481;94.56827693
818;692.32;825.32;-0.299;0.1089;0.1544;-0.0552;55.05684285;78.56934117;74.25414071;96.55776301
819;692.32;825.32;-0.0593;-0.1702;0.2935;-0.1176;56.94066004;80.69759369;76.764643;98.18139104
820;692.32;825.32;-0.0263;-0.1284;0.1985;0.1414;59.04130588;82.46738324;79.31538472;99.68904983
821;692.32;825.32;-0.2026;-0.0437;-0.1052;-0.1626;61.14036271;84.21910747;81.6723234;101.4063608
822;692.32;825.32;0.1464;-0.1961;0.0835;-0.1533;63.02207151;86.00433901;83.63566893;102.7639143
823;692.32;825.32;-0.2207;0.213;-0.129;-0.0001;65.21119157;87.57305652;85.71381855;104.0870241
824;692.32;825.32;0.2081;-0.1093;-0.0836;-0.0916;66.97828717;89.49937448;87.50219014;105.5209773
825;692.32;825.32;0.0428;-0.2733;0.2025;0.1557;69.13483274;91.03488581;89.27020617;106.8178284
826;692.32;825.32;0.009;-0.1494;-0.1656;0.2201;71.06401948;92.35729125;91.25997236;108.3210034
827;692.32;825.32;0.0363;-0.2721;0.3366;-0.0319;72.91964855;93.77380897;92.80997527;109.8413934
828;692.32;825.32;0.2538;0.0661;-0.1666;-0.3091;74.75210838;95.03317834;94.8068931;111.0623899
829;692.32;825.32;-0.2922;-0.1384;-0.0558;-0.0938;76.76949626;96.59632679;96.23006153;111.9683624
830;692.32;825.32;0.0563;-0.0969;0.0848;-0.2101;78.17863405;97.89389739;97.71420308;113.061704
831;692.32;825.32;-0.0435;0.0546;0.0646;0.1161;79.91042858;99.19318478;99.28737393;114.0051881
832;692.32;825.32;0.0193;0.1873;-0.1708;-0.3223;81.50247121;100.5998476;100.7861063;115.2460445
833;692.32;825.32;-0.1822;0.1604;-0.0241;0.0045;83.12289461;102.0984988;101.9981649;116.0107682
834;692.32;825.32;0.1663;-0.2587;-0.1575;0.1073;84.49664065;103.5104297;103.3157354;117.0791386
835;692.32;825.32;-0.0032;0.1746;-0.052;-0.1078;86.19082277;104.457863;104.455409;118.2180901
836;692.32;825.32;-0.1716;0.0105;-0.3227;-0.2982;87.66508687;105.8209965;105.662322;119.1077553
837;692.32;825.32;-0.1745;0.2347;-0.2225;-0.1128;88.93478127;106.9725219;106.5582438;119.7804313
838;692.32;825.32;-0.014;0.0474;0.2088;0.1322;90.16599884;108.3060618;107.5246051;120.618469
839;692.32;825.32;-0.3813;0.0045;0.1889;-0.0667;91.52676345;109.4055455;108.890306;121.676621
840;692.32;825.32;0.2322;0.1976;0.1782;0.159;92.49611654;110.4346912;110.191183;122.5045741
841;692.32;825.32;-0.2298;0.1622;-0.1031;0.0865;94.07263443;111.6266198;111.4388297;123.5338322
842;692.32;825.32;0.0607;-0.2807;0.3476;0.0209;95.14877787;112.7503115;112.3646217;124.4603785
843;692.32;825.32;-0.0041;-0.2069;0.0619;0.2359;96.4918692;113.399061;113.7111673;125.2942355
844;692.32;825.32;0.0738;0.2693;-0.0422;-0.1795;97.7471509;114.1118991;114.7286759;126.3187991
845;692.32;825.32;-0.0057;0.1442;0.0653;-0.1885;99.05131721;115.2934239;115.6095071;126.8982238
846;692.32;825.32;-0.1511;-0.0951;0.1413;-0.0772;100.2404945;116.305124;116.5697533;127.4518835
847;692.32;825.32;0.0231;0.0889;-0.1881;-0.0773;101.2571625;117.0411062;117.5755041;128.1008595
848;692.32;825.32;-0.1493;-0.0513;0.199;-0.1598;102.4308588;117.9418021;118.2200488;128.7310441
849;692.32;825.32;0.0611;0.0467;0.1708;0.0661;103.396229;118.674088;119.2313816;129.2606239
850;692.32;825.32;-0.0512;0.0927;-0.1415;0.1024;104.5577435;119.4820293;120.1827551;130.0009233
851;692.32;825.32;-0.1356;0.1254;-0.0818;0.467;105.5816313;120.3158714;120.792075;130.7563542
852;692.32;825.32;-0.0803;0.0952;-0.1062;-0.0816;106.4918126;121.1615082;121.4421007;131.854846
853;692.32;825.32;0.1036;-0.1106;-0.1596;-0.3145;107.4347637;121.9652599;122.0475158;132.3735278
854;692.32;825.32;0.1442;-0.2197;0.0455;-0.0065;108.5363025;122.5372712;122.5807561;132.6446182
855;692.32;825.32;0.1182;0.1385;-0.085;-0.2084;109.6436818;122.9790143;123.3025984;133.2160415
856;692.32;825.32;-0.4113;0.1346;0.0469;-0.1105;110.6960694;123.7728706;123.8716645;133.5694294
857;692.32;825.32;0.0536;0.0191;0.3054;-0.1976;111.1879901;124.5329526;124.5551149;134.0107558
858;692.32;825.32;-0.0748;0.1069;0.0176;-0.0309;112.1432108;125.1519351;125.4760822;134.3525603
859;692.32;825.32;0.1338;-0.0001;0.1084;0.147;112.9545056;125.8374466;126.081065;134.8514583
860;692.32;825.32;0.0701;-0.0383;-0.1432;-0.3407;113.9558801;126.3958507;126.7583896;135.5142565
861;692.32;825.32;-0.1739;0.0444;0.1235;0.0546;114.8687079;126.9068993;127.1635014;135.6707955
862;692.32;825.32;0.005;0.0376;0.0444;0.0461;115.508572;127.4797139;127.8230109;136.2182579
863;692.32;825.32;-0.0195;-0.0727;-0.04;0.0142;116.3184935;128.0327059;128.3834343;136.7419337
864;692.32;825.32;0.1783;0.1379;0.2487;-0.2322;117.0844817;128.4627224;128.842515;137.2191159
865;692.32;825.32;-0.2214;-0.1911;0.2505;-0.0682;118.0278348;129.0954481;129.5764442;137.4366243
866;692.32;825.32;-0.1755;0.1694;0.2206;0.234;118.5515091;129.3741397;130.2900804;137.81209
867;692.32;825.32;-0.324;0.05;0.1893;0.184;119.1192232;130.010087;130.9523944;138.4793359
868;692.32;825.32;0.2186;0.3181;-0.1142;0.0181;119.5330841;130.5139915;131.5635791;139.0780995
869;692.32;825.32;-0.0548;-0.0807;0.013;-0.1183;120.489479;131.277935;131.8530099;139.4944157
870;692.32;825.32;-0.0276;-0.1807;0.1813;0.1605;121.1388884;131.6173456;132.2610111;139.7628476
871;692.32;825.32;-0.1345;-0.3537;0.0751;0.0526;121.7990772;131.8476516;132.8251637;140.3026837
872;692.32;825.32;-0.0149;-0.1397;-0.1874;-0.1625;122.3401683;131.9086254;133.2663488;140.7197678
873;692.32;825.32;-0.0738;0.4157;0.1357;0.0197;122.9902658;132.192095;133.4319461;140.9102967
874;692.32;825.32;0.185;-0.023;-0.2291;-0.1803;123.5579874;133.0224426;133.9157365;141.2777983
875;692.32;825.32;-0.0194;-0.2332;-0.1671;-0.0315;124.3741017;133.3839724;134.0204089;141.4352273
876;692.32;825.32;-0.0315;0.1027;0.1079;-0.2394;124.9534667;133.5221536;134.1839869;141.7371454
877;692.32;825.32;-0.0419;0.2547;-0.0622;0.1055;125.5004739;133.9978284;134.6177315;141.8229029
878;692.32;825.32;-0.0982;0.0261;0.0448;-0.3042;126.0262467;134.6049239;134.868574;142.2512156
879;692.32;825.32;-0.1597;0.1944;-0.129;-0.1605;126.4804432;134.9659211;135.2190221;142.2581279
880;692.32;825.32;0.0583;-0.1593;0.1116;0.1177;126.8639125;135.4780758;135.3853514;142.4085517
881;692.32;825.32;-0.0253;0.0682;-0.0653;0.0026;127.4537995;135.616087;135.7873878;142.8330705
882;692.32;825.32;0.1502;0.1942;0.2176;0.1812;127.9466057;135.986564;136.0007099;143.1309164
883;692.32;825.32;0.3108;0.0063;-0.1853;0.1;128.6000862;136.4734307;136.4906705;143.5992529
884;692.32;825.32;-0.0583;0.0889;0.263;-0.1932;129.4006298;136.7618819;136.563368;143.9736552
885;692.32;825.32;0.0297;-0.1541;0.1093;0.0853;129.80012;137.1293431;137.0822365;144.0446923
886;692.32;825.32;-0.0772;0.0214;0.0913;0.2042;130.2858201;137.2382298;137.4322267;144.3923022
887;692.32;825.32;-0.1607;0.0696;-0.0773;-0.0302;130.6542471;137.5268585;137.7539949;144.8493884
888;692.32;825.32;0.0566;0.0337;0.1814;-0.0008;130.9329635;137.8623362;137.8977767;145.0597004
889;692.32;825.32;-0.1559;-0.0763;0.3856;-0.2384;131.4213862;138.151666;138.2960679;145.2937254
890;692.32;825.32;0.1712;0.0835;-0.3471;-0.0682;131.6882854;138.3235918;138.8869618;145.2838269
891;692.32;825.32;-0.0659;-0.3413;0.1844;-0.3009;132.2882071;138.6468999;138.727981;145.4443958
892;692.32;825.32;0.0796;-0.1297;-0.2864;-0.1741;132.6211613;138.5344309;139.1051174;145.3679289
893;692.32;825.32;-0.1632;-0.1518;0.0213;-0.1938;133.0965752;138.6368223;139.000505;145.4203265
894;692.32;825.32;-0.0439;-0.0433;-0.4685;-0.0763;133.3062094;138.7136805;139.2066282;145.4516094
895;692.32;825.32;0.1956;-0.0495;-0.0129;-0.0032;133.6323405;138.8962455;138.9169713;145.5995478
896;692.32;825.32;-0.2219;-0.0297;-0.0203;0.1099;134.1759166;139.067966;139.0913192;145.8165936
897;692.32;825.32;-0.2675;0.2699;0.0544;0.0018;134.2843381;139.2572217;139.2532071;146.1408855
898;692.32;825.32;-0.0384;0.0729;0.0181;0.3357;134.3473301;139.7458738;139.4850994;146.3483391
899;692.32;825.32;0.0941;0.0185;0.3081;0.2244;134.6435152;140.0200511;139.6739705;146.8841078
900;692.32;825.32;0.047;0.0768;0.097;-0.0482;135.0653209;140.2413127;140.1473714;147.2941711
901;692.32;825.32;0.1489;-0.1255;-0.0176;-0.1134;135.4361575;140.521464;140.3959776;147.4206267
902;692.32;825.32;0.1528;-0.0057;0.0964;-0.173;135.9006577;140.5895278;140.5228014;147.4784909
903;692.32;825.32;0.0739;0.1745;0.0657;0.021;136.353436;140.7757431;140.7599635;147.4752036
904;692.32;825.32;-0.0118;-0.0876;0.0628;0.0231;136.7153919;141.1333196;140.9595827;147.6660044
905;692.32;825.32;0.0537;0.227;-0.0177;0.0151;136.9824243;141.2171225;141.1505468;147.8537918
906;692.32;825.32;0.0221;-0.1742;-0.1901;0.0889;137.3094207;141.6166237;141.2555091;148.0285497
907;692.32;825.32;-0.0316;-0.0216;0.1438;0.1484;137.5943378;141.600878;141.185049;148.2724299
908;692.32;825.32;-0.1409;-0.0109;0.019;-0.0097;137.8117748;141.744993;141.4505177;148.5692868
909;692.32;825.32;0.072;-0.1303;-0.2971;0.1792;137.9185932;141.9009925;141.5835451;148.7001108
910;692.32;825.32;0.0598;-0.1992;0.2997;0.1015;138.2377389;141.9337842;141.3966462;149.0163413
911;692.32;825.32;-0.2717;0.1479;-0.1557;-0.0335;138.5261751;141.90458;141.8119237;149.2464335
912;692.32;825.32;0.0626;0.0949;0.0496;-0.0276;138.4831963;142.2299763;141.75986;149.3353915
913;692.32;825.32;-0.0644;-0.0911;0.0229;0.0566;138.7747872;142.4895266;141.9145924;149.4278792
914;692.32;825.32;-0.2405;-0.0966;-0.2706;-0.2537;138.9318484;142.5534157;142.0381792;149.6021034
915;692.32;825.32;-0.0481;-0.0886;0.076;0.0831;138.9099136;142.6134607;141.8647169;149.4613887
916;692.32;825.32;0.1505;0.2332;-0.1392;0.1002;139.0762968;142.6749566;142.0428364;149.6612204
917;692.32;825.32;0.1062;0.0928;0.2256;-0.1529;139.4395714;143.0607024;142.0006404;149.8728324
918;692.32;825.32;0.0361;0.1944;0.1501;0.0906;139.7424489;143.2936898;142.3244559;149.8257148
919;692.32;825.32;0.0773;0.1574;-0.3415;0.2919;139.9721234;143.6161714;142.5634785;150.0233504
920;692.32;825.32;0.0173;0.011;-0.0004;-0.0065;140.2404597;143.8919008;142.3040484;150.4170311
921;692.32;825.32;-0.0899;-0.0515;0.068;0.3996;140.4303959;144.0188696;142.3931564;150.5018545
922;692.32;825.32;0.092;0.0563;-0.3086;0.0188;140.5079347;144.0796914;142.5481088;150.9905266
923;692.32;825.32;-0.1623;0.0712;0.0578;0.1071;140.7686522;144.2584465;142.3220191;151.0854408
924;692.32;825.32;-0.1766;0.0528;-0.0503;0.3022;140.7579568;144.446318;142.4688116;151.2661408
925;692.32;825.32;-0.162;-0.1216;-0.0905;0.055;140.7376066;144.6118587;142.5032949;151.637156
926;692.32;825.32;-0.0973;-0.004;0.2399;-0.1225;140.7336743;144.6051395;142.4965897;151.7511562
927;692.32;825.32;-0.0372;-0.1239;0.1384;0.0421;140.7944101;144.7193451;142.8204767;151.684643
928;692.32;825.32;0.0888;-0.2769;0.2441;0.2126;140.9220494;144.7066003;143.0335848;151.7844879
929;692.32;825.32;0.0584;0.0763;0.2302;-0.0705;141.1765878;144.5440849;143.3462936;152.0521938
930;692.32;825.32;-0.1022;-0.0746;0.2188;-0.2202;141.3993046;144.7493728;143.6361603;152.0297286
931;692.32;825.32;0.1131;-0.0405;0.2367;-0.072;141.4606412;144.7936537;143.906347;151.8581566
932;692.32;825.32;-0.0615;0;-0.0531;0.0089;141.7424942;144.8654518;144.1867233;151.839316
933;692.32;825.32;0.0379;0.1342;0.2192;0.1392;141.8462875;144.9739269;144.1693062;151.9018732
934;692.32;825.32;0.0742;-0.199;0.1489;-0.132;142.0447697;145.2132322;144.4246853;152.0930778
935;692.32;825.32;-0.1758;-0.2044;0.0481;0.2164;142.2787707;145.1133135;144.6024899;152.0080333
936;692.32;825.32;-0.0373;-0.2809;0.0903;-0.0086;142.2583427;145.0103717;144.6744335;152.2736341
937;692.32;825.32;-0.0882;-0.0589;0.0974;-0.1127;142.3792899;144.8427042;144.7865302;152.3072245
938;692.32;825.32;0.0039;0.2644;0.12;0.1389;142.4476229;144.9056857;144.9025386;152.2358287
939;692.32;825.32;-0.0353;-0.0718;0.1158;-0.1188;142.6085855;145.2871671;145.0378487;152.4179166
940;692.32;825.32;0.0023;-0.0419;0.146;0.0046;142.7276739;145.3195998;145.1651135;152.3375013
941;692.32;825.32;0.0051;-0.0962;0.4016;-0.088;142.8831563;145.3783119;145.3189631;152.3826069
942;692.32;825.32;-0.0486;-0.2936;-0.0827;-0.0837;143.0395154;145.3811994;145.7240446;152.3339228
943;692.32;825.32;0.0577;-0.0725;0.0735;-0.0237;143.1473413;145.1852694;145.6333359;152.2908228
944;692.32;825.32;0.0031;-0.2372;0.0493;-0.1001;143.354537;145.2183626;145.7013988;152.3088597
945;692.32;825.32;-0.0755;0.251;0.1683;-0.0134;143.5006914;145.0857009;145.743332;152.2500208
946;692.32;825.32;0.0753;-0.099;-0.0472;-0.0886;143.5635333;145.4458242;145.9030766;152.2794342
947;692.32;825.32;0.2104;-0.1065;-0.2684;0.0046;143.7791653;145.4400696;145.8427947;152.2328716
948;692.32;825.32;-0.0573;-0.2829;-0.0886;-0.1139;144.1194905;145.4258525;145.5630207;152.2807376
949;692.32;825.32;-0.0255;0.0485;-0.1818;-0.1851;144.1704688;145.2371554;145.4709776;152.2088406
950;692.32;825.32;0.1971;0.143;0.0378;0.0257;144.248583;145.3866856;145.2883453;152.0676406
951;692.32;825.32;-0.1871;0.0407;-0.0255;0.0588;144.540969;145.6200749;145.3304959;152.1409676
952;692.32;825.32;0.0872;0.2291;-0.3287;-0.012;144.4385857;145.7423157;145.30815;152.2454589
953;692.32;825.32;-0.1372;0.0943;0.3335;-0.1747;144.6139867;146.050069;144.9832384;152.2763927
954;692.32;825.32;0.038;-0.1183;0.0709;-0.042;144.5487045;146.2096373;145.3297549;152.1438103
955;692.32;825.32;0.0053;-0.1069;-0.2973;-0.0401;144.6710891;146.1457495;145.4038301;152.1474266
956;692.32;825.32;0.2043;-0.3149;0.1022;-0.2899;144.7579547;146.0963024;145.107603;152.1528475
957;692.32;825.32;0.0701;-0.433;-0.0219;0.0403;145.0319185;145.8412784;145.2192861;151.9083252
958;692.32;825.32;0.265;0.1314;-0.0641;-0.1885;145.1638487;145.4734631;145.2036974;152.0004594
959;692.32;825.32;0.2146;-0.2668;-0.0848;-0.02;145.4849401;145.6894679;145.1463513;151.8613602
960;692.32;825.32;0.2195;-0.0445;0.0594;0.142;145.7411235;145.4936203;145.0699338;151.894435
961;692.32;825.32;0.0462;-0.0512;0.1303;-0.0512;145.9897705;145.5299934;145.139887;152.0886361
962;692.32;825.32;-0.1372;-0.1317;0.0154;0.3577;146.0571494;145.5631141;145.2787531;152.0845088
963;692.32;825.32;0.1431;-0.08;-0.0047;-0.1664;145.9423753;145.5140957;145.298776;152.4893904
964;692.32;825.32;-0.1132;0.1459;0.2695;-0.122;146.1130628;145.5297236;145.2981305;152.3594906
965;692.32;825.32;0.1337;0.1637;0.0838;0.0192;146.0206018;145.7671039;145.5717034;152.2774161
966;692.32;825.32;-0.0785;0.135;0.1141;0.0389;146.1865025;146.009156;145.651814;152.3387068
967;692.32;825.32;0.1134;-0.0416;0.2363;-0.0632;146.1358379;146.2129551;145.7599529;152.4180805
968;692.32;825.32;-0.0417;0.3575;0.2762;-0.2037;146.2821653;146.2328503;145.9872264;152.3932609
969;692.32;825.32;0.0624;0.0204;0.0407;-0.0031;146.2739798;146.650274;146.2479611;152.2285958
970;692.32;825.32;0.1444;-0.0431;-0.1662;-0.0558;146.3776023;146.7070277;146.2658151;152.2688746
971;692.32;825.32;-0.0834;0.1974;-0.0471;0.0969;146.5595877;146.6987323;146.076264;152.2553906
972;692.32;825.32;0.0403;0.0642;-0.0103;0.1283;146.5011372;146.9309629;146.0111775;152.3949623
973;692.32;825.32;-0.1718;-0.1697;-0.2266;0.3858;146.5668788;147.0229926;145.9847339;152.5622524
974;692.32;825.32;0.0734;-0.1575;0.1937;-0.0318;146.4171454;146.8813018;145.7427392;152.9826318
975;692.32;825.32;-0.0646;-0.0174;-0.0733;-0.055;146.5117379;146.7693985;145.9279006;152.9743384
976;692.32;825.32;-0.1281;0.0778;-0.0675;-0.0401;146.4697974;146.8025244;145.8408156;152.9430633
977;692.32;825.32;0.1792;0.0055;-0.2562;-0.155;146.3635655;146.928503;145.7619976;152.9275116
978;692.32;825.32;0.0764;-0.2562;-0.0577;-0.0471;146.5666452;146.9759781;145.4967132;152.7974692
979;692.32;825.32;0.0936;0.2145;-0.0415;0.1881;146.6512887;146.7561461;145.4374508;152.7787511
980;692.32;825.32;0.0121;0.0381;0.1451;0.1711;146.7480707;147.0166317;145.3960697;152.995726
981;692.32;825.32;-0.2719;0.1612;0.0721;0.3323;146.7583147;147.0944507;145.5424628;153.189988
982;692.32;825.32;0.1827;-0.0218;0.1504;0.1424;146.488303;147.2969045;145.6117027;153.5403385
983;692.32;825.32;0.0962;0.1846;-0.008;-0.0236;146.6856374;147.3162677;145.757279;153.6915787
984;692.32;825.32;-0.023;-0.2825;-0.2046;0.1905;146.7927175;147.5451144;145.7403283;153.6728461
985;692.32;825.32;0.0421;0.0629;0.1365;-0.1794;146.7758429;147.2958642;145.5272581;153.8687055
986;692.32;825.32;-0.1341;0.164;0.0524;-0.1155;146.8187002;147.4085981;145.6613293;153.6895227
987;692.32;825.32;0.1589;-0.1701;0.1879;-0.2218;146.6874492;147.6125515;145.7074984;153.5789442
988;692.32;825.32;-0.112;-0.1191;-0.0479;-0.1783;146.855746;147.4701407;145.8878588;153.36497
989;692.32;825.32;-0.1033;0.103;0.1504;-0.0127;146.7515366;147.3796415;145.827308;153.2001191
990;692.32;825.32;-0.0637;-0.0941;-0.0224;-0.1339;146.6584705;147.5110617;145.9667728;153.2052031
991;692.32;825.32;0.138;0.2822;0.2425;-0.1114;146.6126708;147.4394832;145.9294867;153.0889534
992;692.32;825.32;0.0823;0.0531;-0.2923;-0.1473;146.7693438;147.7444317;146.1581567;152.998262
993;692.32;825.32;0.1214;0.2269;0.0503;-0.0093;146.8705363;147.8039028;145.8455521;152.8740572
994;692.32;825.32;-0.1164;0.466;0.0907;-0.0264;146.9979382;148.0311773;145.8844;152.8911222
995;692.32;825.32;-0.0507;0.0586;0.0467;0.1934;146.8835584;148.4875855;145.9625472;152.8906379
996;692.32;825.32;0.0248;-0.0242;0.0917;-0.0855;146.8416549;148.5156886;145.9944808;153.1099664
997;692.32;825.32;-0.1089;0.0691;-0.1426;-0.0422;146.8778278;148.465479;146.07051;153.044622
998;692.32;825.32;-0.0718;-0.0271;0.021;-0.3106;146.7810101;148.5091466;145.9100865;153.0242971
999;;;0.295;0.1174;0.0995;0.1187;146.7206129;148.454082;145.917806;152.7361071
